﻿<?xml version="1.0" encoding="UTF-8"?>
<instituto>
  <nombre>IES Camp de Morvedre</nombre>
  <pais>España</pais>
  <provincia>Valencia</provincia>
  <localidad>Port de Sagunt</localidad>
  <!-- CICLOS -->
  <ciclos>
    <ciclo id="c01">
      <nombre>Desarrollo de Aplicaciones Web</nombre>
      <decreto>2012</decreto>
      <horas>2000</horas>
      <aula>I-3</aula>
    </ciclo>
    <ciclo id="c03">
      <nombre>Sistemas Microinformáticos y Redes</nombre>
      <decreto>2009</decreto>
      <horas>1800</horas>
      <aula>I-4</aula>
    </ciclo>
    <ciclo id="c04">
      <nombre>Animaciones 3D, juegos y entornos interactivos</nombre>
      <decreto>2015</decreto>
      <horas>2100</horas>
      <aula>I-8</aula>
      <coordinador>Juan Peralta</coordinador>
    </ciclo>
    <ciclo id="c05">
      <nombre>Desarrollo de Aplicaciones Multiplataforma</nombre>
      <decreto>2008</decreto>
      <horas>1040</horas>
      <aula>I-2</aula>
    </ciclo>
    <ciclo id="c06">
      <nombre>Sonido para Audiovisuales y Espectáculos </nombre>
      <decreto>2001</decreto>
      <horas>960</horas>
      <aula>I-6</aula>
    </ciclo>
  </ciclos>
  <!-- MATERIAS -->
  <materias>
    <materia id="m01" titulo="c01">
      <nombre>programacion</nombre>
      <horas_teoricas>100</horas_teoricas>
      <horas_practicas>50</horas_practicas>
      <curso>1</curso>
    </materia>
    <materia id="m02" titulo="c04">
      <nombre>Animación 3D</nombre>
      <horas_teoricas>60</horas_teoricas>
      <horas_practicas>25</horas_practicas>
      <curso>2</curso>
    </materia>
    <materia id="m03" titulo="c06">
      <nombre>Gestion de espectaculos</nombre>
      <horas_teoricas>60</horas_teoricas>
      <horas_practicas>25</horas_practicas>
      <curso>1</curso>
    </materia>
    <materia id="m04" titulo="c05">
      <nombre>Programacion de Servicios y Procesos</nombre>
      <horas_teoricas>40</horas_teoricas>
      <horas_practicas>25</horas_practicas>
      <curso>1</curso>
    </materia>
    <materia id="m05" titulo="c03">
      <nombre>Servicios en red</nombre>
      <horas_teoricas>40</horas_teoricas>
      <horas_practicas>25</horas_practicas>
      <curso>2</curso>
    </materia>
    <materia id="m06" titulo="c01">
      <nombre>Entornos de desarrollo</nombre>
      <horas_teoricas>40</horas_teoricas>
      <horas_practicas>25</horas_practicas>
      <curso>2</curso>
    </materia>
    <materia id="m07" titulo="c02">
      <nombre>Lenguaje de Marcas</nombre>
      <horas_teoricas>40</horas_teoricas>
      <horas_practicas>25</horas_practicas>
      <curso>2</curso>
    </materia>
    <materia id="m08" titulo="c04">
      <nombre>Diseño, dibujo y modelado para animación.</nombre>
      <horas_teoricas>105</horas_teoricas>
      <horas_practicas>55</horas_practicas>
      <curso>1</curso>
    </materia>
    <materia id="m09" titulo="c02">
      <nombre>Gestión de bases de datos</nombre>
      <horas_teoricas>100</horas_teoricas>
      <horas_practicas>50</horas_practicas>
      <curso>2</curso>
    </materia>
  </materias>
  <!-- ESTUDIANTES -->
  <estudiantes>
    <estudiante id="e01">
      <apellido1>Garcia</apellido1>
      <apellido2>Perez</apellido2>
      <nombre>pedro</nombre>
      <sexo>Hombre</sexo>
      <estudios>
        <ciclo codigo="c03"/>
        <materias>
          <materia codigo="m01"/>
          <materia codigo="m03"/>
          <materia codigo="m05"/>
          <materia codigo="m09"/>
        </materias>
      </estudios>
    </estudiante>
    <estudiante id="e02">
      <apellido1>Martinez</apellido1>
      <apellido2>Lopez</apellido2>
      <nombre>Ana</nombre>
      <sexo>Mujer</sexo>
      <estudios>
        <ciclo codigo="c02"/>
        <materias>
          <materia codigo="m02"/>
          <materia codigo="m01"/>
        </materias>
        <pfc>Entornos SW libre</pfc>
      </estudios>
    </estudiante>
    <estudiante id="e03" excelencia="si">
      <apellido1>Cabanes</apellido1>
      <apellido2>Vila</apellido2>
      <nombre>Fernando</nombre>
      <sexo>Hombre</sexo>
      <estudios>
        <ciclo codigo="c02"/>
        <materias>
          <materia codigo="m02"/>
          <materia codigo="m01"/>
          <materia codigo="m04"/>
          <materia codigo="m09"/>
        </materias>
      </estudios>
    </estudiante>
    <estudiante id="e04">
      <apellido1>Merino</apellido1>
      <apellido2>Gomez</apellido2>
      <nombre>Javier</nombre>
      <sexo>Hombre</sexo>
      <estudios>
        <ciclo codigo="c01"/>
        <materias>
          <materia codigo="m02"/>
          <materia codigo="m01"/>
          <materia codigo="m07"/>
        </materias>
        <pfc>Realidad Virtual aplicada a la educacion</pfc>
      </estudios>
    </estudiante>
  </estudiantes>
</instituto>
