--
-- PostgreSQL database cluster dump
--

\connect postgres

SET client_encoding = 'UTF8';
SET standard_conforming_strings = off;
SET escape_string_warning = 'off';

--
-- Roles
--

CREATE ROLE geo;
ALTER ROLE geo WITH NOSUPERUSER INHERIT NOCREATEROLE NOCREATEDB LOGIN PASSWORD 'geo';



--
-- Database creation
--

CREATE DATABASE geo WITH TEMPLATE = template0 OWNER = geo ENCODING = 'UTF8';


--
-- PostgreSQL database dump
--

-- Dumped from database version 8.4.8
-- Dumped by pg_dump version 9.1.21
-- Started on 2016-05-16 12:04:16 CEST


\connect geo

SET statement_timeout = 0;
SET client_encoding = 'UTF8';
SET standard_conforming_strings = off;
SET check_function_bodies = false;
SET client_min_messages = warning;
SET escape_string_warning = off;

CREATE PROCEDURAL LANGUAGE plpgsql;


ALTER PROCEDURAL LANGUAGE plpgsql OWNER TO geo;


SET search_path = public, pg_catalog;

SET default_tablespace = '';

SET default_with_oids = false;

--
-- TOC entry 140 (class 1259 OID 193118)
-- Dependencies: 3
-- Name: comarques; Type: TABLE; Schema: public; Owner: geo; Tablespace: 
--

CREATE TABLE comarques (
    nom_c character varying(50) NOT NULL,
    provincia character varying(25)
);


ALTER TABLE public.comarques OWNER TO geo;

--
-- TOC entry 141 (class 1259 OID 193121)
-- Dependencies: 3
-- Name: instituts; Type: TABLE; Schema: public; Owner: geo; Tablespace: 
--

CREATE TABLE instituts (
    codi character varying(8) NOT NULL,
    nom character varying(60),
    adreca character varying(100),
    numero character varying(5),
    codpostal numeric(5,0),
    cod_m numeric(5,0)
);


ALTER TABLE public.instituts OWNER TO geo;

--
-- TOC entry 142 (class 1259 OID 193124)
-- Dependencies: 3
-- Name: poblacions; Type: TABLE; Schema: public; Owner: geo; Tablespace: 
--

CREATE TABLE poblacions (
    cod_m numeric(5,0) NOT NULL,
    nom character varying(50) NOT NULL,
    poblacio numeric(6,0),
    extensio numeric(6,2),
    altura numeric(4,0),
    longitud character varying(50),
    latitud character varying(50),
    llengua character(1),
    nom_c character varying(50)
);


ALTER TABLE public.poblacions OWNER TO geo;

--
-- TOC entry 1785 (class 0 OID 193118)
-- Dependencies: 140 1788
-- Data for Name: comarques; Type: TABLE DATA; Schema: public; Owner: geo
--

INSERT INTO comarques VALUES ('Horta Sud', 'València');
INSERT INTO comarques VALUES ('Foia de Bunyol', 'València');
INSERT INTO comarques VALUES ('Horta Nord', 'València');
INSERT INTO comarques VALUES ('Plana d''Utiel', 'València');
INSERT INTO comarques VALUES ('Vall de Cofrents', 'València');
INSERT INTO comarques VALUES ('Baix Segura', 'Alacant');
INSERT INTO comarques VALUES ('València', 'València');
INSERT INTO comarques VALUES ('Baix Maestrat', 'Castelló');
INSERT INTO comarques VALUES ('Vall d''Albaida', 'València');
INSERT INTO comarques VALUES ('Alcoià', 'Alacant');
INSERT INTO comarques VALUES ('Canal de Navarrés', 'València');
INSERT INTO comarques VALUES ('Horta Oest', 'València');
INSERT INTO comarques VALUES ('Camp de Túria', 'València');
INSERT INTO comarques VALUES ('Alcalatén', 'Castelló');
INSERT INTO comarques VALUES ('Baix Vinalopó', 'Alacant');
INSERT INTO comarques VALUES ('Ports, Els', 'Castelló');
INSERT INTO comarques VALUES ('Plana Alta, La', 'Castelló');
INSERT INTO comarques VALUES ('Plana Baixa, La', 'Castelló');
INSERT INTO comarques VALUES ('Marina Alta, La', 'Alacant');
INSERT INTO comarques VALUES ('Marina Baixa, La', 'Alacant');
INSERT INTO comarques VALUES ('Ribera Alta, La', 'València');
INSERT INTO comarques VALUES ('Ribera Baixa, La', 'València');
INSERT INTO comarques VALUES ('Safor, La', 'València');
INSERT INTO comarques VALUES ('Serrans, Els', 'València');
INSERT INTO comarques VALUES ('Alacantí', 'Alacant');
INSERT INTO comarques VALUES ('Costera, La', 'València');
INSERT INTO comarques VALUES ('Racó, El', 'València');
INSERT INTO comarques VALUES ('Comtat, El', 'Alacant');
INSERT INTO comarques VALUES ('Alt Palància', 'Castelló');
INSERT INTO comarques VALUES ('Alt Maestrat', 'Castelló');
INSERT INTO comarques VALUES ('Alt Vinalopó', 'Alacant');
INSERT INTO comarques VALUES ('Alt Millars', 'Castelló');
INSERT INTO comarques VALUES ('Camp de Morvedre', 'València');
INSERT INTO comarques VALUES ('Vinalopó Mitjà', 'Alacant');


--
-- TOC entry 1786 (class 0 OID 193121)
-- Dependencies: 141 1788
-- Data for Name: instituts; Type: TABLE DATA; Schema: public; Owner: geo
--

INSERT INTO instituts VALUES ('12005283', 'IES VIOLANT de CASALDUCH', 'DE CASTELLÓN', 'S/N', 12560, 12028);
INSERT INTO instituts VALUES ('46016713', 'IES 25 D''ABRIL', 'D''ORBA', 'S/N', 46910, 46022);
INSERT INTO instituts VALUES ('03013297', 'IES 8 de MARZO', 'CIUDAD de MATANZAS', 'S/N', 3005, 3014);
INSERT INTO instituts VALUES ('46002787', 'IES 9 D''OCTUBRE', 'DEPÒSITS', '38', 46240, 46085);
INSERT INTO instituts VALUES ('46025040', 'IES ABASTOS', 'ALBERIQUE', '18', 46008, 46250);
INSERT INTO instituts VALUES ('46008984', 'IES ALAMEDA', 'ALAMEDA', 'S/N', 46300, 46249);
INSERT INTO instituts VALUES ('46023924', 'IES ALCALANS', 'PESSET ALEIXANDRE', 'S/N', 46192, 46172);
INSERT INTO instituts VALUES ('12005520', 'IES ALFRED AYZA', 'TRAMONTANA', '5', 12598, 12089);
INSERT INTO instituts VALUES ('46022609', 'IES ALMUSSAFES', 'DE la FOIA', '1', 46440, 46035);
INSERT INTO instituts VALUES ('03010831', 'IES ALTAIA', 'BENIDORM', '11', 3590, 3018);
INSERT INTO instituts VALUES ('12003663', 'IES ALTO PALANCIA', 'DE la CONSTITUCIÓN', 'S/N', 12400, 12104);
INSERT INTO instituts VALUES ('12000251', 'IES ÁLVARO FALOMIR', 'BOQUERAS', '239', 12550, 12009);
INSERT INTO instituts VALUES ('46026779', 'IES ANDREU ALFARO', 'JAUME I', 'S/N', 46200, 46186);
INSERT INTO instituts VALUES ('03010727', 'IES ANDREU SEMPERE', 'ISABEL la CATÓLICA', '46', 3803, 3009);
INSERT INTO instituts VALUES ('03006244', 'IES ANTONI LLIDÓ', 'CANONS', '22', 3730, 3082);
INSERT INTO instituts VALUES ('03001911', 'IES ANTONIO JOSÉ CAVANILLES', 'ALCALDE LORENZO CARBONELL', '32-34', 3007, 3014);
INSERT INTO instituts VALUES ('03009786', 'IES ANTONIO NAVARRO SANTAFÉ', 'SAN BENITO', 'S/N', 3400, 3140);
INSERT INTO instituts VALUES ('03002445', 'IES ANTONIO SEQUEROS', 'COMUNIDAD ValènciaNA', '55', 3160, 3015);
INSERT INTO instituts VALUES ('03013698', 'IES ANTONIO SERNA SERNA', 'ALCALDE ANTONIO MARTÍNEZ', '15', 3340, 3005);
INSERT INTO instituts VALUES ('46021629', 'IES ARABISTA RIBERA', 'DEL REALENGO', 'S/N', 46740, 46083);
INSERT INTO instituts VALUES ('03005094', 'IES ASUNCIÓN de NUESTRA SEÑORA', 'HUERTOS Y MOLINOS', '40', 3203, 3065);
INSERT INTO instituts VALUES ('46021711', 'CIPFP AUSIÀS MARCH', 'ÁNGEL de VILLENA', 'S/N', 46013, 46250);
INSERT INTO instituts VALUES ('46004206', 'IES AUSIÀS MARCH', 'CRISTO REY', '2', 46702, 46131);
INSERT INTO instituts VALUES ('46022580', 'IES AUSIÀS MARCH', 'TEROL', '4', 46940, 46159);
INSERT INTO instituts VALUES ('03005719', 'IES AZORÍN', 'DE MADRID', 'S/N', 3610, 3104);
INSERT INTO instituts VALUES ('03010821', 'IES AZUD de ALFEITAMI', 'MÉDICO JULIO GARCÍA GARCÍA', 'S/N', 3160, 3015);
INSERT INTO instituts VALUES ('03012566', 'IES BAHÍA de BABEL', 'PARAGUAY', '6', 3008, 3014);
INSERT INTO instituts VALUES ('46018552', 'IES BALEARES', 'BALEARES', '66', 46023, 46250);
INSERT INTO instituts VALUES ('46020391', 'IES BARRI DEL CARME', 'BENEFICENCIA', '20', 46003, 46250);
INSERT INTO instituts VALUES ('03012165', 'CIPFP BATOI', 'LA SERRETA', '5', 3802, 3009);
INSERT INTO instituts VALUES ('46022853', 'IES BEATRIU CIVERA', 'LA AMISTAD', '2', 46960, 46021);
INSERT INTO instituts VALUES ('03014472', 'IES BEATRIU FAJARDO de MENDOZA', 'DE la FRAGATA (SALT de L''AIGUA)', '2', 3503, 3031);
INSERT INTO instituts VALUES ('03002573', 'IES BELLAGUARDA', 'GALOTXA', '1', 3590, 3018);
INSERT INTO instituts VALUES ('46023547', 'IES BENICALAP', 'DOCTOR NICASIO BENLLOCH', 'S/N', 46015, 46250);
INSERT INTO instituts VALUES ('12007334', 'CIPFP BENICARLÓ', 'CORTS ValènciaNES', '2', 12580, 12027);
INSERT INTO instituts VALUES ('46018916', 'IES BENIMÀMET', 'DE CULLERA (APT. 25)', 'S/N', 46035, 46250);
INSERT INTO instituts VALUES ('46013062', 'IES BENLLIURE', 'CONVENT de CARMELITES', '13', 46010, 46250);
INSERT INTO instituts VALUES ('46002969', 'IES BERENGUER DALMAU', 'BLASCO IBÁÑEZ', 'S/N', 46470, 46094);
INSERT INTO instituts VALUES ('03012724', 'IES BERNAT de SARRIÀ', 'DE la FRAGATA (SALT de L''AIGUA)', '5', 3503, 3031);
INSERT INTO instituts VALUES ('46001217', 'IES BERNAT GUINOVART', 'JOAN FUSTER', 'S/N', 46680, 46029);
INSERT INTO instituts VALUES ('46003408', 'IES BLASCO IBÁÑEZ', 'RELLANO de SAN ANTONIO', 'S/N', 46400, 46105);
INSERT INTO instituts VALUES ('12005799', 'IES BOVALAR', 'CERAMISTA MANOLO SAFONT', '2', 12006, 12040);
INSERT INTO instituts VALUES ('03012645', 'IES CABO de la HUERTA', 'COSTA BLANCA', '17', 3540, 3014);
INSERT INTO instituts VALUES ('46007748', 'IES CAMP de MORVEDRE', 'ABOGADO FAUSTO CARUANA', 'S/N', 46520, 46220);
INSERT INTO instituts VALUES ('46004841', 'IES CAMP de TÚRIA', 'ALCALDE MARCELINO GARCÍA', 'S/N', 46160, 46147);
INSERT INTO instituts VALUES ('46015711', 'IES CAMPANAR', 'BADAJOZ', 'S/N', 46015, 46250);
INSERT INTO instituts VALUES ('03003966', 'IES CANÓNIGO MANCHÓN', 'DEL ARQUET', 'S/N', 3330, 3059);
INSERT INTO instituts VALUES ('03010168', 'IES CAP de L''ALJUB', 'DEL MAR', 'S/N', 3130, 3121);
INSERT INTO instituts VALUES ('46020406', 'IES CARLES SALVADOR', 'MONESTIR de POBLET', 'S/N', 46960, 46021);
INSERT INTO instituts VALUES ('03009385', 'IES CARRÚS', 'JOSÉ DÍEZ MORA', '2', 3205, 3065);
INSERT INTO instituts VALUES ('46031672', 'CIPFP CATARROJA', 'SANT VICENT FERRER ', '1-BIS', 46470, 46094);
INSERT INTO instituts VALUES ('03013467', 'IES CAYETANO SEMPERE', 'AVET', '3', 3203, 3065);
INSERT INTO instituts VALUES ('46025799', 'CENTRE ESPECÍFIC D''EDUCACIÓ A DISTÀNCIA CEED', 'CASA de la MISERICORDIA', '34', 46014, 46250);
INSERT INTO instituts VALUES ('46012987', 'IES CID CAMPEADOR', 'GUILLEM DESPUIG', '8', 46018, 46250);
INSERT INTO instituts VALUES ('46023419', 'CIPFP CIUTAT de L''APRENENT', 'CIUDAD DEL APRENDIZ', '4', 46017, 46250);
INSERT INTO instituts VALUES ('46023225', 'IES CLARA CAMPOAMOR', 'GONZÁLEZ HUGUET', 'S/N', 46970, 46005);
INSERT INTO instituts VALUES ('46007736', 'IES CLOT DEL MORO', 'CLOT DEL MORO', 'S/N', 46500, 46220);
INSERT INTO instituts VALUES ('46022865', 'IES COMARCAL', 'MARÍA ROS', 'S/N', 46100, 46078);
INSERT INTO instituts VALUES ('46018761', 'CIPFP COMPLEJO EDUCATIVO de CHESTE', 'CV-378 - KM. 0,300', NULL, 46380, 46109);
INSERT INTO instituts VALUES ('46022257', 'IES CONSELLERIA', 'MONESTIR de POBLET', 'S/N', 46015, 46250);
INSERT INTO instituts VALUES ('46021290', 'IES CONSUELO ARANDA', 'MISANA', 'S/N', 46260, 46011);
INSERT INTO instituts VALUES ('12001241', 'CIPFP COSTA de AZAHAR', 'FERRANDIS SALVADOR', '10', 12100, 12040);
INSERT INTO instituts VALUES ('03000400', 'IES COTES BAIXES', 'COTES BAIXES', 'S/N', 3804, 3009);
INSERT INTO instituts VALUES ('12005507', 'SECCIÓ de L''IES ALFONSO XIII A BENASAL', 'SAN ISIDRO', '2', 12160, 12026);
INSERT INTO instituts VALUES ('12005519', 'SECCIÓ de L''IES ALFONSO XIII A CABANES', 'SUFERA', '52', 12180, 12033);
INSERT INTO instituts VALUES ('46023535', 'SECCIÓ de L''IES CLOT DEL MORO A SAGUNT', 'PONT ROMÀ', 'S/N', 46500, 46220);
INSERT INTO instituts VALUES ('46032721', 'SECCIÓ de L''IES CONSELLERIA A València', 'SAN JAVIER', '2', 46015, 46250);
INSERT INTO instituts VALUES ('46022890', 'SECCIÓ de L''IES de MASSAMAGRELL A MUSEROS', 'LES BARRAQUES', 'S/N', 46136, 46177);
INSERT INTO instituts VALUES ('46022403', 'SECCIÓ de L''IES DOCTOR PESET ALEIXANDRE A PATERNA', 'XIRIVELLA', '6', 46980, 46190);
INSERT INTO instituts VALUES ('46022877', 'SECCIÓ de L''IES DR. LUIS SIMARRO LACABRA A la LLOSA de RANES', 'RONDA de la COSTERA', 'S/N', 46815, 46157);
INSERT INTO instituts VALUES ('03015130', 'SECCIÓ de L''IES ENRIC VALOR A ORBA', 'DEL PORT', '26', 3790, 3097);
INSERT INTO instituts VALUES ('46024801', 'SECCIÓ de L''IES FEDERICA MONTSENY A BURJASSOT', 'SAN VICENTE FERRER', '1', 46100, 46078);
INSERT INTO instituts VALUES ('03016481', 'SECCIÓ de L''IES FIGUERAS PACHECO A ALACANT - EL BACAROT', 'ANTIGUA de ELX', 'S/N', 3114, 3014);
INSERT INTO instituts VALUES ('46022919', 'SECCIÓ de L''IES JOAN FUSTER A SOLLANA', 'EN PROYECTO', '10', 46430, 46233);
INSERT INTO instituts VALUES ('46022166', 'SECCIÓ de L''IES JOSÉ de RIBERA A la POBLA DEL DUC', 'CONCÒRDIA', 'S/N', 46840, 46200);
INSERT INTO instituts VALUES ('12006172', 'SECCIÓ de L''IES JOSÉ VILAPLANA A VINARÒS', '29 de SEPTIEMBRE', 'S/N', 12500, 12138);
INSERT INTO instituts VALUES ('46024965', 'SECCIÓ de L''IES HENRI MATISSE A PATERNA - la CAÑADA', '434', 'S/N', 46182, 46190);
INSERT INTO instituts VALUES ('03010442', 'CIPFP CANASTELL', 'MONOVAR', '5', 3690, 3122);
INSERT INTO instituts VALUES ('12005544', 'IES ALFONSO XIII', 'CONSELLERIA de CULTURA I EDUCACIÓ', 'S/N', 12194, 12124);
INSERT INTO instituts VALUES ('12002671', 'IES BOTÀNIC CAVANILLES', 'JAUME I', '60', 12600, 12126);
INSERT INTO instituts VALUES ('12005751', 'IES BENIGASLÓ', 'ARCADI GARCÍA I SANZ', '1', 12600, 12126);
INSERT INTO instituts VALUES ('12006056', 'SECCIÓ de L''IES MATILDE SALVADOR A Castelló de la Plana', 'PI GROS', 'S/N', 12005, 12040);
INSERT INTO instituts VALUES ('03015041', 'SECCIÓ de L''IES PADRE ARQUES A BENILLOBA', 'LA COMARCA', '1', 3810, 3035);
INSERT INTO instituts VALUES ('03015531', 'SECCIÓ de L''IES SAN VICENTE A AGOST', 'DE ELDA', '3-5', 3698, 3002);
INSERT INTO instituts VALUES ('12005741', 'SECCIÓ de L''IES SERRA D''ESPADÀ A ONDA', 'SERRA D''ESPADÀ', 'S/N', 12200, 12084);
INSERT INTO instituts VALUES ('03015865', 'SECCIÓN DEL IES ANTONIO NAVARRO SANTAFÉ EN VILLENA', 'DE CABRERAS, POL.39. PARCELA 24', NULL, 3400, 3140);
INSERT INTO instituts VALUES ('46022154', 'SECCIÓN DEL IES FERNANDO III EN JALANCE', 'LUNA', '1', 46624, 46142);
INSERT INTO instituts VALUES ('03016560', 'SECCIÓN DEL IES la ENCANTÁ EN SAN FULGENCIO', 'UNIDAD de EJECUCIÓN 2, EL OLME', 'S/N', 3177, 3118);
INSERT INTO instituts VALUES ('46022440', 'SECCIÓN DEL IES la SERRANÍA EN ALPUENTE', 'DE la VIRGEN', '15', 46178, 46036);
INSERT INTO instituts VALUES ('46022130', 'SECCIÓN DEL IES la SERRANÍA EN CHELVA', 'D. GIL ROGER VÁZQUEZ', '4', 46176, 46106);
INSERT INTO instituts VALUES ('12005571', 'SECCIÓN DEL IES NTRA. SRA. de la CUEVA SANTA EN MONTANEJOS', 'València', '54', 12448, 12079);
INSERT INTO instituts VALUES ('46015708', 'IES DISTRICTE MARÍTIM', 'BALEARES', '62', 46023, 46250);
INSERT INTO instituts VALUES ('03013819', 'IES DOCTOR BALMIS', 'CERÁMICA', '24', 3010, 3014);
INSERT INTO instituts VALUES ('46000161', 'IES DOCTOR FAUSTÍ BARBERÁ', 'VICENTE LIS BARONA', 'S/N', 46970, 46005);
INSERT INTO instituts VALUES ('46018692', 'IES DOCTOR LLUÍS SIMARRO LACABRA', 'DE LES CORTS ValènciaNES', 'S/N', 46800, 46145);
INSERT INTO instituts VALUES ('46006495', 'IES DOCTOR PESET ALEIXANDRE', 'VICENTE MORTES', '93', 46980, 46190);
INSERT INTO instituts VALUES ('46002775', 'IES EDUARDO PRIMO MARQUÉS', 'CORBELLA', '141', 46240, 46085);
INSERT INTO instituts VALUES ('46013050', 'IES EL CABANYAL', 'DEL CABANYAL', '19', 46022, 46250);
INSERT INTO instituts VALUES ('12004217', 'IES EL CAMINÀS', 'PINTOR SOLER BLASCO', '3', 12003, 12040);
INSERT INTO instituts VALUES ('46017195', 'IES EL CLOT', 'ECONOMISTA GAY', '34', 46009, 46250);
INSERT INTO instituts VALUES ('46015290', 'IES EL GRAO', 'ESCALANTE', '9', 46011, 46250);
INSERT INTO instituts VALUES ('03007418', 'IES EL PALMERAL', 'DEL DOCTOR GARCÍA ROGEL', '28', 3300, 3099);
INSERT INTO instituts VALUES ('03015543', 'IES EL PLA', 'CIUDAD LEÓN de NICARAGUA', '8', 3015, 3014);
INSERT INTO instituts VALUES ('03009798', 'IES EL VINALOPÓ', 'CURA GONZÁLEZ', '52', 3660, 3093);
INSERT INTO instituts VALUES ('12001903', 'IES ELS PORTS', 'JAUME I', '3', 12300, 12080);
INSERT INTO instituts VALUES ('46016312', 'IES ENRIC SOLER I GODES', 'SISENA', 'S/N', 46450, 46060);
INSERT INTO instituts VALUES ('03012785', 'IES ENRIC VALOR', 'EMILIO CASTELAR', 'S/N', 3640, 3089);
INSERT INTO instituts VALUES ('03013157', 'IES ENRIC VALOR', 'LEONARDO JOVER', '53', 3420, 3053);
INSERT INTO instituts VALUES ('03007613', 'IES ENRIC VALOR', 'DUANES', '17', 3780, 3102);
INSERT INTO instituts VALUES ('46007955', 'IES ENRIC VALOR', 'AUSIÀS MARCH', 'S/N', 46460, 46230);
INSERT INTO instituts VALUES ('46018047', 'IES ENRIC VALOR', 'SENYERA', '35', 46210, 46193);
INSERT INTO instituts VALUES ('46023936', 'IES ESCULTOR EN FRANCESC BADIA', 'DE la CREU', 'S/N', 46134, 46126);
INSERT INTO instituts VALUES ('12001381', 'CENTRE PÚBLIC INTEGRAT EXCELENTÍSIMA DIPUTACIÓN', 'PENYETA ROJA', 'S/N', 12005, 12040);
INSERT INTO instituts VALUES ('46015538', 'CIPFP FAITANAR', 'XIQUET de QUART', 'S/N', 46930, 46102);
INSERT INTO instituts VALUES ('46017501', 'IES FEDERICA MONTSENY', 'PRIMERO de MAYO', 'S/N', 46100, 46078);
INSERT INTO instituts VALUES ('46015733', 'IES FERNANDO III', 'PINTOR PEDRO CAMARA', '19', 46620, 46044);
INSERT INTO instituts VALUES ('03001908', 'IES FIGUERAS PACHECO', 'FERNANDO MADROÑAL', '35', 3007, 3014);
INSERT INTO instituts VALUES ('46019571', 'IES FRANCESC FERRER I GUÀRDIA', 'EMILI PANACH I RAMOS MILO', 'S/N', 46020, 46250);
INSERT INTO instituts VALUES ('46002571', 'IES FRANCESC GIL', 'INSTITUT', '6', 46650, 46081);
INSERT INTO instituts VALUES ('12001228', 'IES FRANCESC RIBALTA', 'REI EN JAUME', '35', 12001, 12040);
INSERT INTO instituts VALUES ('12002889', 'IES FRANCESC TÀRREGA', 'AUSIÀS MARCH', '13', 12540, 12135);
INSERT INTO instituts VALUES ('03006086', 'IES FRAY IGNACIO BARRACHINA', 'SEVILLA', '4', 3440, 3079);
INSERT INTO instituts VALUES ('46014224', 'IES FUENTE de SAN LUIS', 'HERMANOS MARISTAS', '25', 46013, 46250);
INSERT INTO instituts VALUES ('46005946', 'IES GABRIEL CÍSCAR', 'RIU ALFADALI', 'S/N', 46780, 46181);
INSERT INTO instituts VALUES ('03007406', 'IES GABRIEL MIRÓ', 'CATEDRÁTICO JOSÉ GUILLÉN', '1', 3300, 3099);
INSERT INTO instituts VALUES ('12005601', 'IES GILABERT de CENTELLES', 'SAN VICENTE', '78', 12520, 12082);
INSERT INTO instituts VALUES ('46016440', 'IES GONZALO ANAYA', 'LES PALMERES POL.IND.VIRGEN de la SALUD', '1', 46950, 46110);
INSERT INTO instituts VALUES ('03014861', 'IES GRAN VIA', 'ALONSO CANO', '80', 3014, 3014);
INSERT INTO instituts VALUES ('46005934', 'IES GREGORI MAIANS', 'GABRIEL MIRÓ', '16', 46780, 46181);
INSERT INTO instituts VALUES ('46024229', 'IES GUILLEM D''ALCALÀ', 'INMACULADA', '14', 46139, 46199);
INSERT INTO instituts VALUES ('46022622', 'IES HENRI MATISSE', 'ENRIC VALOR', 'S/N', 46980, 46190);
INSERT INTO instituts VALUES ('03009233', 'IES HERMANOS AMORÓS', 'AMBROSIO COTES', '22', 3400, 3140);
INSERT INTO instituts VALUES ('03004223', 'IES HISTORIADOR CHABÀS', 'MANUEL VALLALTA', '3', 3700, 3063);
INSERT INTO instituts VALUES ('46020421', 'IES HORT de FELIU', 'FOTOGRAFO ISMAEL LATORRE', 'S/N', 46230, 46031);
INSERT INTO instituts VALUES ('03013716', 'IES IFACH', 'CASA NOVA', '7', 3710, 3047);
INSERT INTO instituts VALUES ('46013086', 'IES ISABEL de VILLENA', 'ISABEL de VILLENA', '4', 46011, 46250);
INSERT INTO instituts VALUES ('03015166', 'IES JAIME de SANT-ÁNGEL', 'DE la LIBERTAD', 'S/N', 3370, 3111);
INSERT INTO instituts VALUES ('03000679', 'IES JAIME II', 'DOCTOR CRISTÓBAL PARDO', '4', 3015, 3014);
INSERT INTO instituts VALUES ('12000704', 'IES JAUME I', 'SANCHIS GUARNER', 'S/N', 12530, 12032);
INSERT INTO instituts VALUES ('46017201', 'IES JAUME I', 'ALBAIDA', '23', 46870, 46184);
INSERT INTO instituts VALUES ('46031301', 'SECCIÓ EDUCACIÓ SECUNDÀRIA JAUME I', 'DE la COMA', 'S/N', 46220, 46194);
INSERT INTO instituts VALUES ('46008340', 'IES JAUME II EL JUST', 'LA DULA', '29', 46760, 46238);
INSERT INTO instituts VALUES ('12003390', 'IES JOAN COROMINES', 'MARÍTIM', '5', 12580, 12027);
INSERT INTO instituts VALUES ('46021617', 'IES JOAN FUSTER', 'DELS DOS PONTETS', 'S/N', 46410, 46235);
INSERT INTO instituts VALUES ('46020479', 'IES JOAN FUSTER', 'ENRIC SOLER I GODES', 'S/N', 46713, 46048);
INSERT INTO instituts VALUES ('46020492', 'IES JOAN LLOPIS MARÍ', 'SENIADES', 'S/N', 46400, 46105);
INSERT INTO instituts VALUES ('46012999', 'IES JOANOT MARTORELL', 'CIUDAD DEL APRENDIZ', '2', 46017, 46250);
INSERT INTO instituts VALUES ('03014514', 'IES JOANOT MARTORELL', 'MESTRE MELCHOR BOTELLA', '8', 3206, 3065);
INSERT INTO instituts VALUES ('46012951', 'IES JORDI de SANT JORDI', 'ALCALDE GISBERT RICO', '24', 46013, 46250);
INSERT INTO instituts VALUES ('03014824', 'IES ENRIC VALOR', 'PROYECTO', 'S/N', 3560, 3050);
INSERT INTO instituts VALUES ('12005556', 'SECCIÓN DEL IES ALTO PALANCIA EN JÉRICA - VIVER', 'VIVER-JÉRICA', 'S/N', 12460, 12140);
INSERT INTO instituts VALUES ('03014897', 'SECCIÓN DEL IES ANTONIO SEQUEROS EN LOS MONTESINOS', 'DIEGO MONTESINOS', '8', 3187, 3903);
INSERT INTO instituts VALUES ('46024990', 'IES EL QUINT', 'DE LES ÀNIMES', 'S/N', 46190, 46214);
INSERT INTO instituts VALUES ('46007542', 'IES EDUARDO MERELLÓ', 'PERIODISTA AZZATI', 'S/N', 46520, 46220);
INSERT INTO instituts VALUES ('03013352', 'IES HAYGÓN', 'HAYGÓN', '50', 3690, 3122);
INSERT INTO instituts VALUES ('03015178', 'IES GAIA', 'ALCALDE RAMÓN ORTS GALÁN', '2', 3690, 3122);
INSERT INTO instituts VALUES ('46022579', 'IES EL RAVATXOL', 'DOCTOR RUIZ I COMES', 'S/N', 46026, 46250);
INSERT INTO instituts VALUES ('46022932', 'IES EL SALER', 'ELS PINARS', 'S/N', 46012, 46250);
INSERT INTO instituts VALUES ('12002661', 'IES HONORI GARCIA', 'INSTITUTO', 'S/N', 12600, 12126);
INSERT INTO instituts VALUES ('46018631', 'IES ENRIQUE TIERNO GALVÁN', 'DE BENIFARAIG', 'S/N', 46113, 46171);
INSERT INTO instituts VALUES ('03001881', 'IES JORGE JUAN', 'WENCESLAO FERNÁNDEZ FLORES', '2', 3004, 3014);
INSERT INTO instituts VALUES ('46019763', 'IES JOSÉ BALLESTER GOZALVO', 'PINTOR ALEMANY', 'S/N', 46019, 46250);
INSERT INTO instituts VALUES ('46004772', 'IES JOSÉ de RIBERA', 'ACADÈMIC MARAVALL', '15', 46800, 46145);
INSERT INTO instituts VALUES ('46000717', 'IES JOSÉ MARÍA PARRA', 'DOCTOR FRANCISCO BONO', '3', 46600, 46017);
INSERT INTO instituts VALUES ('46005132', 'IES JOSÉ RODRIGO BOTET', 'SANTOS JUSTO Y PASTOR', '70', 46940, 46159);
INSERT INTO instituts VALUES ('46000213', 'IES JOSÉ SEGRELLES', 'DE JOSEP GINER I MARCO', '5', 46860, 46006);
INSERT INTO instituts VALUES ('12003468', 'IES JOSÉ VILAPLANA', 'GIL de ATROCILLO', 'S/N', 12500, 12138);
INSERT INTO instituts VALUES ('03011768', 'IES JOSEP IBORRA', 'AUSIÀS MARCH', '7', 3720, 3041);
INSERT INTO instituts VALUES ('12005374', 'IES JUAN BAUTISTA PORCAR', 'HERRERO', '76', 12005, 12040);
INSERT INTO instituts VALUES ('46012963', 'IES JUAN de GARAY', 'JUAN de GARAY', '25', 46017, 46250);
INSERT INTO instituts VALUES ('03016468', 'IES L''ALLUSSER', 'TIRANT LO BLANC', '11', 3110, 3090);
INSERT INTO instituts VALUES ('03010843', 'IES L''ALMADRAVA', 'DEL LLAÜT (SALT de L''AIGUA)', '10', 3503, 3031);
INSERT INTO instituts VALUES ('46006100', 'IES L''ESTACIÓ', 'ESTACIÓN', 'S/N', 46870, 46184);
INSERT INTO instituts VALUES ('46022245', 'IES L''OM', 'RONDA NORD', '2', 46220, 46194);
INSERT INTO instituts VALUES ('03015154', 'IES la CANAL', 'FELIPE V', '4', 3610, 3104);
INSERT INTO instituts VALUES ('46022178', 'IES la CANAL de NAVARRÉS', 'DOCTOR JOSÉ VICENTE PÉREZ CALATAYUD', '41', 46823, 46179);
INSERT INTO instituts VALUES ('46004760', 'CIPFP la COSTERA', 'GONZALO VIÑES', '1', 46800, 46145);
INSERT INTO instituts VALUES ('03014137', 'IES la CREUETA', 'DE la CONSTITUCIÓN', 'S/N', 3430, 3096);
INSERT INTO instituts VALUES ('03014851', 'IES la ENCANTÁ', 'RUBÉN DARÍO', 'S/N', 3170, 3113);
INSERT INTO instituts VALUES ('03006153', 'IES la FOIA', 'SEVILLA', '2', 3440, 3079);
INSERT INTO instituts VALUES ('46018989', 'IES la GARRIGOSA', 'LUCAS FERRER RIERA', 'S/N', 46133, 46166);
INSERT INTO instituts VALUES ('46002179', 'IES la HOYA de BUÑOL', 'RAFAEL RIDAURA', '18', 46360, 46077);
INSERT INTO instituts VALUES ('03009051', 'IES la MALLADETA', 'DIPUTADA ÁNGELA LLINARES', '1', 3570, 3139);
INSERT INTO instituts VALUES ('46016397', 'IES la MARXADELLA', 'PADRE MÉNDEZ', '151', 46900, 46244);
INSERT INTO instituts VALUES ('03005720', 'IES la MELVA', 'DE la MELVA', '7', 3600, 3066);
INSERT INTO instituts VALUES ('03006761', 'IES la MOLA', 'PÉREZ GALDÓS', '1', 3660, 3093);
INSERT INTO instituts VALUES ('46016361', 'IES la MORERIA', 'PAÍS VALENCIÀ', '1', 46920, 46169);
INSERT INTO instituts VALUES ('03002731', 'IES la NÍA', 'LOPE de VEGA', '2', 3680, 3019);
INSERT INTO instituts VALUES ('03015105', 'IES la NUCIA', 'LES ROTES', 'S/N', 3530, 3094);
INSERT INTO instituts VALUES ('12005738', 'IES la PLANA', 'LA PLANA', '13', 12004, 12040);
INSERT INTO instituts VALUES ('46019684', 'IES la SENDA', 'LA SENDA', 'S/N', 46930, 46102);
INSERT INTO instituts VALUES ('46017675', 'IES la SÈNIA', 'ESCULTOR JOSÉ CAPUZ', '96', 46200, 46186);
INSERT INTO instituts VALUES ('03009661', 'IES la TORRETA', 'EDUARDO FERNÁNDEZ GARCÍA', 'S/N', 3203, 3065);
INSERT INTO instituts VALUES ('03005768', 'IES la TORRETA', 'DE RONDA', '77', 3600, 3066);
INSERT INTO instituts VALUES ('46016385', 'IES la VALLDIGNA', 'SANT BENET', '249', 46760, 46238);
INSERT INTO instituts VALUES ('46022543', 'IES la VEREDA', 'VEREDA MAS de TOUS', '3', 46185, 46202);
INSERT INTO instituts VALUES ('03011070', 'IES LAS ESPEÑETAS', 'LOS RUISES', '2', 3300, 3099);
INSERT INTO instituts VALUES ('03014599', 'IES LAS FUENTES', 'AMBROSIO COTES', '18', 3400, 3140);
INSERT INTO instituts VALUES ('03008629', 'IES LAS LAGUNAS', 'DE LAS CORTES ValènciaNAS', 'S/N', 3183, 3133);
INSERT INTO instituts VALUES ('03014460', 'IES LAS LOMAS', 'LOMAS de JUAN XXIII', 'S/N', 3014, 3014);
INSERT INTO instituts VALUES ('46018621', 'IES LAURONA', 'MÉDICO JOSÉ PÉREZ MARTÍNEZ', 'S/N', 46160, 46147);
INSERT INTO instituts VALUES ('03010120', 'IES LEONARDO DA VINCI', 'BARONIA de POLOP', '12', 3011, 3014);
INSERT INTO instituts VALUES ('12003080', 'IES LEOPOLDO QUEROL', 'GIL de ATROCILLO', 'S/N', 12500, 12138);
INSERT INTO instituts VALUES ('46017882', 'IES LES ALFÀBEGUES', 'MARIANA de SAN SIMEÓN', 'S/N', 46117, 46070);
INSERT INTO instituts VALUES ('46022531', 'IES LES FOIES', 'DE L''INSTITUT', 'S/N', 46830, 46062);
INSERT INTO instituts VALUES ('12003328', 'IES LLOMBAI', 'CARDENAL VICENTE ENRIQUE TARANCÓN', '7', 12530, 12032);
INSERT INTO instituts VALUES ('03014563', 'IES LOS ALCORES', 'SAN RAFAEL', '17', 3193, 3120);
INSERT INTO instituts VALUES ('46000754', 'CIPFP LUIS SUÑER SANCHIS', 'DELS ESPORTS', '27', 46600, 46017);
INSERT INTO instituts VALUES ('46012872', 'IES LUIS VIVES', 'SAN PABLO', '4', 46002, 46250);
INSERT INTO instituts VALUES ('03003978', 'IES MACIÀ ABELA', 'MANUEL SANCHIS GUARNER', 'S/N', 3330, 3059);
INSERT INTO instituts VALUES ('12004400', 'IES MAESTRAT', 'FONT de MORELLA', 'S/N', 12170, 12100);
INSERT INTO instituts VALUES ('46023870', 'IES MALILLA', 'BERNARDO MORALES SAN MARTÍN', 'S/N', 46026, 46250);
INSERT INTO instituts VALUES ('46007943', 'IES MANUEL SANCHIS GUARNER', 'CID CAMPEADOR', '2', 46460, 46230);
INSERT INTO instituts VALUES ('46022129', 'IES MANUEL SANCHIS GUARNER', 'JAUME I', '46', 46841, 46090);
INSERT INTO instituts VALUES ('03008915', 'IES MARCOS ZARAGOZA', 'FERROCARRIL', '22', 3570, 3139);
INSERT INTO instituts VALUES ('03012736', 'IES MARE NOSTRUM', 'VERGEL', 'S/N', 3008, 3014);
INSERT INTO instituts VALUES ('03014575', 'IES MARE NOSTRUM', 'DELFINA VIUDES', 'S/N', 3183, 3133);
INSERT INTO instituts VALUES ('46026160', 'IES MARÍA CARBONELL I SÁNCHEZ', 'DE L''ESPORT', '1', 46910, 46054);
INSERT INTO instituts VALUES ('46004221', 'IES MARÍA ENRÍQUEZ', 'LITERATO AZORÍN', '1', 46702, 46131);
INSERT INTO instituts VALUES ('03004235', 'IES MARIA IBARS', 'DEL LLAVADOR', 'S/N', 3700, 3063);
INSERT INTO instituts VALUES ('03002007', 'CIPFP MARÍTIMO PESQUERO DEL MEDITERRÁNEO', 'MUELLE PESQUERO', 'S/N', 3001, 3014);
INSERT INTO instituts VALUES ('46022211', 'IES MARJANA', 'D. DANIEL VICENTE BLASCO', 'S/N', 46370, 46111);
INSERT INTO instituts VALUES ('03015087', 'IES MATEMÀTIC VICENT CASELLES COSTA', 'LES SORTS', 'S/N', 3740, 3071);
INSERT INTO instituts VALUES ('12005261', 'IES MATILDE SALVADOR', 'CASALDUCH', '120', 12005, 12040);
INSERT INTO instituts VALUES ('03015907', 'IES MEDITERRÁNEO', 'DE TENERIFE', '1', 3183, 3133);
INSERT INTO instituts VALUES ('03015129', 'IES MEDITERRÀNIA', 'PRESIDENTE ADOLFO SUÁREZ', '1', 3502, 3031);
INSERT INTO instituts VALUES ('46023250', 'IES MESTRE RAMÓN ESTEVE', 'CALVARIO', 'S/N', 46196, 46093);
INSERT INTO instituts VALUES ('46008972', 'IES MIGUEL BALLESTEROS VIANA', 'VENTA DEL MORO', '1', 46300, 46249);
INSERT INTO instituts VALUES ('03001891', 'IES MIGUEL HERNÁNDEZ', 'POETA GARCILASO', '8', 3005, 3014);
INSERT INTO instituts VALUES ('12005659', 'IES L''ALCALATÉN', 'MÚSIC PERE MOLINER', '2', 12110, 12005);
INSERT INTO instituts VALUES ('46020273', 'IES la VALL de SEGÓ', 'DE QUARTELL', 'S/N', 46511, 46058);
INSERT INTO instituts VALUES ('46022221', 'IES L''ELIANA', 'DEL POLIESPORTIU MUNICIPAL', '14', 46183, 46116);
INSERT INTO instituts VALUES ('03015075', 'IES la FOIA D''ELX', 'AV. de SANT ANDREU', 'S/N', 3294, 3065);
INSERT INTO instituts VALUES ('03013327', 'IES LES DUNES', 'MOLIVENT', 'S/N', 3140, 3076);
INSERT INTO instituts VALUES ('03015099', 'IES LAS NORIAS', 'MIGUEL CANDELA ALBEROLA', 'S/N', 3670, 3088);
INSERT INTO instituts VALUES ('03007789', 'IES MARHUENDA PRATS', 'PRÍNCIPE de ASTURIAS', '18', 3650, 3105);
INSERT INTO instituts VALUES ('46019854', 'IES MARÍA MOLINER', 'DOLORES IBARRURI la PASIONARIA', '16', 46520, 46220);
INSERT INTO instituts VALUES ('46007554', 'IES JORGE JUAN', 'ABOGADO FAUSTO CARUANA', 'S/N', 46520, 46220);
INSERT INTO instituts VALUES ('03010429', 'IES LLOIXA', 'COMTAT de FABRAQUER', '1', 3550, 3119);
INSERT INTO instituts VALUES ('03010478', 'IES LUIS GARCÍA BERLANGA', 'EL SALT', 'S/N', 3550, 3119);
INSERT INTO instituts VALUES ('03016559', 'IES MARÍA BLASCO', 'ENRIC VALOR', '4', 3690, 3122);
INSERT INTO instituts VALUES ('46014066', 'IES la SERRANÍA', 'POETA CÉSAR SIMÓN', '4', 46170, 46258);
INSERT INTO instituts VALUES ('03015117', 'IES L''ARABÍ', 'DE la CONSTITUCIÓ', 'S/N', 3580, 3011);
INSERT INTO instituts VALUES ('03014484', 'IES MIGUEL HERNÁNDEZ', 'LA PAZ', '64', 3380, 3044);
INSERT INTO instituts VALUES ('12003444', 'IES MIRALCAMP', 'DEL MIRALCAMP', '126', 12540, 12135);
INSERT INTO instituts VALUES ('46018035', 'CIPFP MISERICÒRDIA', 'CASA de la MISERICÒRDIA', '34', 46014, 46250);
INSERT INTO instituts VALUES ('46019660', 'CIPFP MISLATA', 'DOLORES IBARRURI', '32', 46920, 46169);
INSERT INTO instituts VALUES ('03014538', 'IES MISTERI D''ELX', 'DE la UNIVERSITAT D''ELX', '1', 3202, 3065);
INSERT INTO instituts VALUES ('46024151', 'IES MOLÍ DEL SOL', 'SÈQUIA de FAVARA', '2', 46920, 46169);
INSERT INTO instituts VALUES ('03010156', 'IES MONASTIL', 'SÉNECA', '3', 3600, 3066);
INSERT INTO instituts VALUES ('46021708', 'IES MONTDÚVER', 'LLUÍS VIVES', 'S/N', 46770, 46143);
INSERT INTO instituts VALUES ('03012050', 'IES MONTSERRAT ROIG', 'CARLET', '2', 3206, 3065);
INSERT INTO instituts VALUES ('46022889', 'IES MÚSIC MARTÍN I SOLER', 'HOSPITAL', 'S/N', 46920, 46169);
INSERT INTO instituts VALUES ('03014551', 'IES MUTXAMEL', 'MONTDÚVER', 'S/N', 3110, 3090);
INSERT INTO instituts VALUES ('03014526', 'IES NIT de L''ALBA', 'DE la LLIBERTAT', 'S/N', 3205, 3065);
INSERT INTO instituts VALUES ('03014939', 'IES NOU DERRAMADOR', 'DE la INDUSTRIA', '2', 3440, 3079);
INSERT INTO instituts VALUES ('12002270', 'IES NUESTRA SEÑORA de la CUEVA SANTA', 'FRAY LUIS AMIGO', 'S/N', 12400, 12104);
INSERT INTO instituts VALUES ('03013339', 'IES NÚMERO 1', 'AUGUSTA', '2', 3730, 3082);
INSERT INTO instituts VALUES ('46021630', 'IES NÚMERO 1', 'CV-378 - KM. 0,300', NULL, 46380, 46109);
INSERT INTO instituts VALUES ('46007190', 'IES NÚMERO 1', 'JUAN GRANDÍA', '1', 46340, 46213);
INSERT INTO instituts VALUES ('46020078', 'SECCIÓ EDUCACIÓ SECUNDÀRIA NÚMERO 1', 'NACIONAL 340, KM. 225', NULL, 46220, 46194);
INSERT INTO instituts VALUES ('03008630', 'IES NÚMERO 1 - LIBERTAS', 'AGUAS NUEVAS, SECTOR S-25 PARC.33', NULL, 3183, 3133);
INSERT INTO instituts VALUES ('46018059', 'IES NÚMERO 26', 'CASA de la MISERICORDIA', '34', 46014, 46250);
INSERT INTO instituts VALUES ('03015932', 'IES NÚMERO 3', 'HÍADES', '10', 3700, 3063);
INSERT INTO instituts VALUES ('03015181', 'IES NÚMERO 3', 'DOCTOR FLEMING', '3', 3570, 3139);
INSERT INTO instituts VALUES ('46024953', 'IES NÚMERO 4', 'EN PROYECTO', '5', 46600, 46017);
INSERT INTO instituts VALUES ('46007189', 'IES OLEANA', 'ALFONSO X EL SABIO', 'S/N', 46340, 46213);
INSERT INTO instituts VALUES ('46018138', 'IES ORRIOLS', 'SANTIAGO RUSIÑOL', 'S/N', 46019, 46250);
INSERT INTO instituts VALUES ('03003760', 'IES PADRE ARQUÉS', 'DEL FERROCARRIL', 'S/N', 3820, 3056);
INSERT INTO instituts VALUES ('03000394', 'IES PARE VITORIA', 'DE ELCHE', '15', 3801, 3009);
INSERT INTO instituts VALUES ('03013753', 'IES PASCUAL CARRIÓN', 'FÉLIX RODRÍGUEZ de la FUENTE', 'S/N', 3630, 3123);
INSERT INTO instituts VALUES ('46022944', 'IES PATRAIX, VICENTA FERRER ESCRIVÁ', 'LA VALL D''UIXÓ', '2', 46014, 46250);
INSERT INTO instituts VALUES ('03010144', 'IES PEDRO IBARRA RUIZ', 'EUCALIPTUS', 'S/N', 3203, 3065);
INSERT INTO instituts VALUES ('12001231', 'IES PENYAGOLOSA', 'MONCÓFAR', 'S/N', 12003, 12040);
INSERT INTO instituts VALUES ('46017535', 'IES PERE BOÏL', 'CERAMISTA ALFONS BLAT', '12', 46940, 46159);
INSERT INTO instituts VALUES ('46023948', 'IES PERE D''ESPLUGUES', 'METGE JULIO SANCHIS', '2', 46670, 46203);
INSERT INTO instituts VALUES ('03010132', 'IES PERE MARIA ORTS I BOSCH', 'DE la BARCA DEL BOU (SALT de L''AIGUA)', '6', 3503, 3031);
INSERT INTO instituts VALUES ('03013765', 'IES PLAYA SAN JUAN', 'SAN SEBASTIÁN', 'S/N', 3540, 3014);
INSERT INTO instituts VALUES ('03014371', 'IES POETA PACO MOLLÀ', 'REINA SOFÍA', 'S/N', 3610, 3104);
INSERT INTO instituts VALUES ('12001307', 'IES POLITÈCNIC', 'CANTO de CASTALIA', '1', 12006, 12040);
INSERT INTO instituts VALUES ('46022099', 'IES PORÇONS', 'JULIÁN JUAN MOMPÓ', '3', 46812, 46042);
INSERT INTO instituts VALUES ('46006112', 'IES POU CLAR', 'VICENTE GIRONES MORA', 'S/N', 46870, 46184);
INSERT INTO instituts VALUES ('12005660', 'IES PROFESSOR BROCH I LLOP', 'EUROPA', 'S/N', 12540, 12135);
INSERT INTO instituts VALUES ('03013704', 'IES PROFESSOR MANUEL BROSETA', 'DEL TREN', '22', 3450, 3021);
INSERT INTO instituts VALUES ('03015038', 'IES RADIO EXTERIOR', 'DEPORTISTA JOSÉ BAÑÓN', 'S/N', 3540, 3014);
INSERT INTO instituts VALUES ('12000480', 'IES RAMÓN CID', 'POLÍGONO ESCOLAR', 'S/N', 12580, 12027);
INSERT INTO instituts VALUES ('46017687', 'IES RAMON LLULL', 'RAMON LLULL', '12', 46021, 46250);
INSERT INTO instituts VALUES ('46017900', 'IES RAMON MUNTANER', 'VIRGEN de LOS DESAMPARADOS', '1', 46950, 46110);
INSERT INTO instituts VALUES ('46025507', 'IES RASCANYA-ANTONIO CAÑUELO', 'HERMANOS MACHADO', '9', 46019, 46250);
INSERT INTO instituts VALUES ('46000705', 'IES REI EN JAUME', 'DE GANDIA', 'S/N', 46600, 46017);
INSERT INTO instituts VALUES ('46003512', 'IES RICARDO MARÍN IBÁNEZ', 'PUERTA ZAFA', '36', 46380, 46109);
INSERT INTO instituts VALUES ('46022634', 'IES RIU TÚRIA', 'GRAVADOR ESTEVE', '6', 46930, 46102);
INSERT INTO instituts VALUES ('46016038', 'IES SALVADOR GADEA', 'DE LES ENCREULLADES', '4', 46960, 46021);
INSERT INTO instituts VALUES ('03011616', 'IES SAN BLAS', 'ISLA de CORFÚ', '9', 3005, 3014);
INSERT INTO instituts VALUES ('03013315', 'IES SAN PASCUAL', 'JUAN PABLO II', '2', 3150, 3064);
INSERT INTO instituts VALUES ('46012902', 'IES SAN VICENTE FERRER', 'ALMIRANTE CADARSO', '20-22', 46005, 46250);
INSERT INTO instituts VALUES ('46001199', 'IES SANT VICENT FERRER', 'PARQUE SALVADOR CASTELL', '16', 46680, 46029);
INSERT INTO instituts VALUES ('03010430', 'IES SANTA POLA', 'C. MAR', '95', 3130, 3121);
INSERT INTO instituts VALUES ('03013133', 'IES SANTIAGO GRISOLIA', 'LO GUTIERREZ', 'S/N', 3360, 3049);
INSERT INTO instituts VALUES ('46022646', 'IES SERPIS', 'JOSÉ MARÍA HARO', '63', 46022, 46250);
INSERT INTO instituts VALUES ('12005593', 'IES SERRA D''ESPADÀ', 'PADRE ANSELMO COYNE', '30', 12200, 12084);
INSERT INTO instituts VALUES ('12004394', 'IES SERRA D''IRTA', 'FRANCESC SOSPEDRA', '2', 12570, 12004);
INSERT INTO instituts VALUES ('46019015', 'IES SERRA PERENXISA', 'CORONA D''ARAGÓ', '1', 46900, 46244);
INSERT INTO instituts VALUES ('03013224', 'IES SEVERO OCHOA', 'INCA', '5', 3206, 3065);
INSERT INTO instituts VALUES ('46020480', 'IES SIVERA FONT', 'JAUME I', 'S/N', 46650, 46081);
INSERT INTO instituts VALUES ('03005082', 'IES SIXTO MARCO', 'SANTA POLA', '6', 3203, 3065);
INSERT INTO instituts VALUES ('46013098', 'IES SOROLLA', 'JOSÉ MARÍA HARO', '2', 46022, 46250);
INSERT INTO instituts VALUES ('46022841', 'IES SUCRO', 'JOSÉ MIGUEL PERALES BALAGUER', 'S/N', 46687, 46008);
INSERT INTO instituts VALUES ('03013340', 'IES THÁDER', 'ORIOLANOS AUSENTES', '18', 3300, 3099);
INSERT INTO instituts VALUES ('03013728', 'IES THIAR', 'PILAR PÉREZ AGUIRRE', '16', 3190, 3902);
INSERT INTO instituts VALUES ('03012773', 'IES TIRANT LO BLANC', 'PEDRO JUAN PERPIÑAN', '91', 3204, 3065);
INSERT INTO instituts VALUES ('46008753', 'IES TIRANT LO BLANC', 'FRAY LUIS AMIGO', '41', 46900, 46244);
INSERT INTO instituts VALUES ('46015587', 'IES TIRANT LO BLANC', 'DELS ESTUDIANTS', '2', 46701, 46131);
INSERT INTO instituts VALUES ('12006214', 'IES TORRE DEL REI', 'VICENTE BLASCO IBÁÑEZ', '14', 12594, 12085);
INSERT INTO instituts VALUES ('03016596', 'IES TORREVIGÍA', 'EFRÉN GUTIÉRREZ MATEO (APDO. 730)', 'S/N', 3184, 3133);
INSERT INTO instituts VALUES ('46021319', 'IES VALL de la SAFOR', 'ADOR', 'S/N', 46720, 46255);
INSERT INTO instituts VALUES ('03014812', 'IES VALLE de ELDA', 'DE SAX', '37', 3600, 3066);
INSERT INTO instituts VALUES ('03003486', 'IES VEGA BAJA', 'MÉDICO HUGOLINO ROLDÁN', 'S/N', 3360, 3049);
INSERT INTO instituts VALUES ('46022920', 'IES VELES E VENTS', 'DE LOS CANTAROS', 'S/N', 46900, 46244);
INSERT INTO instituts VALUES ('46017493', 'IES VICENT ANDRÉS ESTELLÉS', 'DEL PALLETER', '5', 46100, 46078);
INSERT INTO instituts VALUES ('03015063', 'IES TORRELLANO', 'HISTORIADOR MIQUEL BATLLORI', '2', 3320, 3065);
INSERT INTO instituts VALUES ('46022181', 'IES VELES E VENTS', 'CULLERA', '135', 46730, 46131);
INSERT INTO instituts VALUES ('03014836', 'IES SERRA MARIOLA', 'DE CELA', 'S/N', 3830, 3092);
INSERT INTO instituts VALUES ('46022555', 'IES VERMELLAR', 'EN PROYECTO', 'S/N', 46850, 46183);
INSERT INTO instituts VALUES ('03015981', 'IES PLAYA FLAMENCA', 'NICOLÁS de BUSSI', '41', 3189, 3099);
INSERT INTO instituts VALUES ('46020327', 'IES PLA de NADAL', 'DEL POLIDEPORTIVO', 'S/N', 46190, 46214);
INSERT INTO instituts VALUES ('03008423', 'IES SAN VICENTE', 'C. LILLO JUAN', 'S/N', 3690, 3122);
INSERT INTO instituts VALUES ('12004205', 'IES CASTELL I DOMÉNECH', 'ILLA BALEATO', '18', 12006, 12040);
INSERT INTO instituts VALUES ('12003523', 'IES VICENT SOS BAYNAT', 'MONCÓFAR', '3', 12003, 12040);
INSERT INTO instituts VALUES ('46013104', 'CIPFP VICENTE BLASCO IBÁÑEZ', 'REGNE de València', '46', 46005, 46250);
INSERT INTO instituts VALUES ('03013881', 'IES VICTORIA KENT', 'JOAN FUSTER', '4', 3203, 3065);
INSERT INTO instituts VALUES ('12005647', 'IES VILA-ROJA', 'GENERALITAT', '22', 12550, 12009);
INSERT INTO instituts VALUES ('03014800', 'IES VILLA de Asp', 'CANTAL de ERAES', 'S/N', 3680, 3019);
INSERT INTO instituts VALUES ('03010119', 'IES VIRGEN DEL REMEDIO', 'BARONIA de POLOP', '8', 3011, 3014);
INSERT INTO instituts VALUES ('03014940', 'IES XEBIC', 'DE la MAR', 'S/N', 3760, 3095);
INSERT INTO instituts VALUES ('12000406', 'IES de BETXÍ', 'SANT FRANCESC', '2', 12549, 12021);
INSERT INTO instituts VALUES ('46024424', 'IES D''ALCÀSSER', 'CORTS ValènciaNES', '51', 46290, 46015);
INSERT INTO instituts VALUES ('03015464', 'IES de TEULADA', 'MALLORCA', 'S/N', 3725, 3128);
INSERT INTO instituts VALUES ('03006256', 'IES de XIXONA', 'MÉDICO MANUEL GALIANA', '3', 3100, 3083);
INSERT INTO instituts VALUES ('46022610', 'IES de MASSANASSA', 'JOSÉ ALBA ALBA', 'S/N', 46470, 46165);
INSERT INTO instituts VALUES ('46022831', 'IES D''ALBAL', 'HERNÁNDEZ LAZARO', 'S/N', 46470, 46007);
INSERT INTO instituts VALUES ('03014848', 'IES de BIAR', 'DE la VIRGEN', '40', 3410, 3043);
INSERT INTO instituts VALUES ('46020261', 'IES de BENAGUASIL', 'SEGORBE', '2', 46180, 46051);
INSERT INTO instituts VALUES ('46020431', 'IES de MOIXENT', 'LEPANTO', 'S/N', 46640, 46170);
INSERT INTO instituts VALUES ('46022191', 'IES de TAVERNES BLANQUES', 'ALACANT', '12', 46016, 46237);
INSERT INTO instituts VALUES ('46022208', 'IES de VALLADA', 'MIGUEL HERNÁNDEZ', '3', 46691, 46251);
INSERT INTO instituts VALUES ('12005775', 'IES de VILAFRANCA', 'SANTA BÁRBARA', '20', 12150, 12129);
INSERT INTO instituts VALUES ('12005568', 'IES D''ALMENARA', 'DE L''INSTITUT', 'S/N', 12590, 12011);
INSERT INTO instituts VALUES ('46022142', 'IES de GUADASSUAR', 'CARLET', 'S/N', 46610, 46139);
INSERT INTO instituts VALUES ('12005532', 'IES de TORREBLANCA', 'GRAVADOR FABREGAT', 'S/N', 12596, 12117);
INSERT INTO instituts VALUES ('46019003', 'IES de SEDAVÍ', 'DEL SOL', 'S/N', 46910, 46223);
INSERT INTO instituts VALUES ('46020285', 'IES de BOCAIRENT', 'ALCOI', '5', 46880, 46072);
INSERT INTO instituts VALUES ('46022233', 'IES de MASSAMAGRELL', 'BLASCO IBAÑEZ', '6', 46130, 46164);
INSERT INTO instituts VALUES ('46020315', 'IES de PUÇOL', 'CORTS ValènciaNES', '31', 46530, 46205);
INSERT INTO instituts VALUES ('46023523', 'IES de CÀRCER', 'PROFESOR MANUEL BROSETA PONS', 'S/N', 46294, 46084);
INSERT INTO instituts VALUES ('46024114', 'IES de VILAMARXANT', 'LLUÍS VIVES', '2', 46191, 46256);
INSERT INTO instituts VALUES ('46022671', 'IES de RAFELBUNYOL', 'SAGUNTO', 'S/N', 46138, 46207);
INSERT INTO instituts VALUES ('03015142', 'IES de PEDREGUER', 'DELS ESMOLADORS', '3-5', 3750, 3101);
INSERT INTO instituts VALUES ('46029586', 'IES de SAN ANTONIO de BENAGÉBER', 'SAN VICENTE FERRER', '2', 46184, 46903);
INSERT INTO instituts VALUES ('03015634', 'IES de RAFAL', 'RAFAEL ALBERTI', 'S/N', 3369, 3109);
INSERT INTO instituts VALUES ('46020248', 'IES de ADEMUZ', 'DE València', '47', 46140, 46001);
INSERT INTO instituts VALUES ('03014502', 'IES de CATRAL', 'ARMANDO ROS', 'S/N', 3158, 3055);
INSERT INTO instituts VALUES ('03014587', 'IES de BENEJÚZAR', 'MONJAS de ARRIBA', '100', 3390, 3024);
INSERT INTO instituts VALUES ('03015245', 'IES de COX', 'SENDICA de ALBATERA', 'S/N', 3350, 3058);
INSERT INTO instituts VALUES ('46014893', 'IES la PATACONA', 'NOVELISTA BLASCO IBÁÑEZ', '1', 46120, 46013);
INSERT INTO instituts VALUES ('12004011', 'IES XIMÉN D''URREA', 'DE CASTELLÓN', 'S/N', 12110, 12005);
INSERT INTO instituts VALUES ('46021320', 'IES ELS ÉVOLS', 'PRIMER de MAIG', 'S/N', 46250, 46019);
INSERT INTO instituts VALUES ('46024382', 'SECCIÓ de L''IES SIVERA FONT A L''ALCÚDIA de CRESPINS', 'SENYERA', '1', 46690, 46020);
INSERT INTO instituts VALUES ('03013145', 'IES CLOT de L''ILLOT', 'DELS FURS', '4-6', 3560, 3050);
INSERT INTO instituts VALUES ('12003997', 'IES MIQUEL PERIS I SEGARRA', 'DEL MAR', 'S/N', 12100, 12040);
INSERT INTO instituts VALUES ('46020297', 'IES de ENGUERA', 'MANUEL TOLSÁ', 'S/N', 46810, 46118);
INSERT INTO instituts VALUES ('46023894', 'IES D''EL PUIG de SANTA MARIA', 'DE L''INSTITUT', 'S/N', 46540, 46204);
INSERT INTO instituts VALUES ('46015721', 'IES VICENTE GANDIA', 'DE la RONDA', 'S/N', 46270, 46257);
INSERT INTO instituts VALUES ('03014496', 'IES de CALLOSA D''EN SARRIÀ', 'AUSIÀS MARCH', 'S/N', 3510, 3048);
INSERT INTO instituts VALUES ('46022567', 'IES de TURÍS', 'MAESTRA Dª AMPARO DOMÍNGUEZ DOMÍNGUEZ', '3', 46389, 46248);


--
-- TOC entry 1787 (class 0 OID 193124)
-- Dependencies: 142 1788
-- Data for Name: poblacions; Type: TABLE DATA; Schema: public; Owner: geo
--

INSERT INTO poblacions VALUES (46111, 'Chiva', 15029, 178.70, 240, '0º43''06"W', '39º28''25"N', 'C', 'Foia de Bunyol');
INSERT INTO poblacions VALUES (46030, 'Algimia de la Baronia', 1043, 14.40, 183, '0º21''36"W', '39º45''00"N', 'V', 'Camp de Morvedre');
INSERT INTO poblacions VALUES (46047, 'Bèlgida', 694, 17.30, 264, '0º28''26"W', '38º51''35"N', 'V', 'Vall d''Albaida');
INSERT INTO poblacions VALUES (46049, 'Bellús', 325, 9.50, 180, '0º29''11"W', '38º56''45"N', 'V', 'Vall d''Albaida');
INSERT INTO poblacions VALUES (12024, 'Benafer', 171, 17.00, 587, '0º34''39"W', '39º56''04"N', 'C', 'Alt Palància');
INSERT INTO poblacions VALUES (46052, 'Benavites', 632, 4.30, 40, '0º15''26"W', '39º44''23"N', 'V', 'Camp de Morvedre');
INSERT INTO poblacions VALUES (46056, 'Beniatjar', 250, 11.40, 417, '0º25''01"W', '38º50''50"N', 'V', 'Vall d''Albaida');
INSERT INTO poblacions VALUES (46057, 'Benicolet', 628, 11.30, 241, '0º20''46"W', '38º55''10"N', 'V', 'Vall d''Albaida');
INSERT INTO poblacions VALUES (3032, 'Benifallim', 121, 13.70, 734, '0º23''59"W', '38º39''46"N', 'V', 'Alcoià');
INSERT INTO poblacions VALUES (46068, 'Benissoda', 434, 4.00, 319, '0º31''46"W', '38º49''50"N', 'V', 'Vall d''Albaida');
INSERT INTO poblacions VALUES (46069, 'Benissuera', 195, 1.90, 200, '0º28''36"W', '38º54''50"N', 'V', 'Vall d''Albaida');
INSERT INTO poblacions VALUES (46075, 'Bufalí', 175, 3.20, 239, '0º30''56"W', '38º52''08"N', 'V', 'Vall d''Albaida');
INSERT INTO poblacions VALUES (12036, 'Canet lo Roig', 760, 68.70, 329, '0º14''33"E', '40º33''03"N', 'V', 'Baix Maestrat');
INSERT INTO poblacions VALUES (46086, 'Carrícola', 99, 4.60, 425, '0º11''16"W', '38º50''25"N', 'V', 'Vall d''Albaida');
INSERT INTO poblacions VALUES (12042, 'Catí', 787, 102.30, 661, '0º01''22"E', '40º28''17"N', 'V', 'Alt Maestrat');
INSERT INTO poblacions VALUES (46095, 'Caudete de las Fuentes', 728, 34.60, 771, '1º16''43"W', '39º33''30"N', 'C', 'Plana d''Utiel');
INSERT INTO poblacions VALUES (12043, 'Caudiel', 739, 62.40, 632, '0º34''07"W', '39º56''48"N', 'C', 'Alt Palància');
INSERT INTO poblacions VALUES (12044, 'Cervera del Maestrat', 644, 93.20, 316, '0º16''31"E', '40º27''14"N', 'V', 'Baix Maestrat');
INSERT INTO poblacions VALUES (12046, 'Cirat', 225, 41.10, 399, '0º27''48"W', '40º03''17"N', 'C', 'Alt Millars');
INSERT INTO poblacions VALUES (46013, 'Alboraia', 23572, 8.30, 5, '0º21''08"W', '39º30''00"N', 'V', 'Horta Nord');
INSERT INTO poblacions VALUES (3055, 'Catral', 8663, 20.00, 8, '0º48''18"W', '38º09''34"N', 'C', 'Baix Segura');
INSERT INTO poblacions VALUES (12059, 'Fanzara', 323, 35.00, 229, '0º19''00"W', '40º01''09"N', 'C', 'Alt Millars');
INSERT INTO poblacions VALUES (3078, 'Fondó dels Frares', 1095, 12.60, 415, '0º55''39"W', '38º16''24"N', 'V', 'Vinalopó Mitjà');
INSERT INTO poblacions VALUES (46124, 'Fontanars dels Alforins', 993, 74.70, 600, '0º47''06"W', '38º47''00"N', 'V', 'Vall d''Albaida');
INSERT INTO poblacions VALUES (12010, 'Almedíjar', 261, 20.90, 411, '0º24''35"W', '39º52''19"N', 'C', 'Alt Palància');
INSERT INTO poblacions VALUES (12013, 'Arañuel', 181, 19.20, 405, '0º28''54"W', '40º04''16"N', 'C', 'Alt Millars');
INSERT INTO poblacions VALUES (12015, 'Argelita', 91, 15.50, 311, '0º21''00"W', '40º03''18"N', 'C', 'Alt Millars');
INSERT INTO poblacions VALUES (12018, 'Azuébar', 323, 23.40, 298, '0º22''05"W', '39º50''05"N', 'C', 'Alt Palància');
INSERT INTO poblacions VALUES (12020, 'Barracas', 194, 42.10, 981, '0º41''55"W', '40º01''03"N', 'C', 'Alt Palància');
INSERT INTO poblacions VALUES (12022, 'Bejís', 406, 42.40, 799, '0º42''33"W', '39º54''34"N', 'C', 'Alt Palància');
INSERT INTO poblacions VALUES (12048, 'Cortes de Arenoso', 318, 80.60, 985, '0º32''32"W', '40º11''13"N', 'C', 'Alt Millars');
INSERT INTO poblacions VALUES (46115, 'Dos Aguas', 418, 121.50, 400, '0º48''01"W', '39º17''15"N', 'C', 'Foia de Bunyol');
INSERT INTO poblacions VALUES (12041, 'Castillo de Villamalefa', 105, 37.70, 808, '0º22''45"W', '40º07''50"N', 'C', 'Alt Millars');
INSERT INTO poblacions VALUES (46099, 'Cortes de Pallás', 1012, 233.00, 450, '0º56''33"W', '39º14''35"N', 'C', 'Vall de Cofrents');
INSERT INTO poblacions VALUES (3051, 'Camp de Mirra, el', 437, 21.80, 590, '0º46''48"W', '38º41''12"N', 'V', 'Alt Vinalopó');
INSERT INTO poblacions VALUES (12058, 'Espadilla', 96, 12.00, 294, '0º21''20"W', '40º01''35"N', 'C', 'Alt Millars');
INSERT INTO poblacions VALUES (12029, 'Benlloch', 1153, 43.50, 315, '0º01''33"E', '40º12''42"N', 'V', 'Plana Alta, La');
INSERT INTO poblacions VALUES (12057, 'Eslida', 877, 18.10, 381, '0º18''29"W', '39º52''46"N', 'V', 'Plana Baixa, La');
INSERT INTO poblacions VALUES (3029, 'Benigembla', 508, 18.40, 314, '0º06''37"W', '38º45''21"N', 'V', 'Marina Alta, La');
INSERT INTO poblacions VALUES (3040, 'Benimeli', 419, 3.50, 92, '0º02''32"W', '38º49''21"N', 'V', 'Marina Alta, La');
INSERT INTO poblacions VALUES (3027, 'Beniardà', 208, 15.70, 464, '0º13''00"W', '38º41''00"N', 'V', 'Marina Baixa, La');
INSERT INTO poblacions VALUES (3033, 'Benifato', 168, 11.90, 658, '0º13''46"W', '38º40''24"N', 'V', 'Marina Baixa, La');
INSERT INTO poblacions VALUES (3037, 'Benimantell', 499, 37.90, 547, '0º21''33"W', '38º40''45"N', 'V', 'Marina Baixa, La');
INSERT INTO poblacions VALUES (46053, 'Beneixida', 686, 3.20, 35, '0º33''06"W', '39º04''30"N', 'V', 'Ribera Alta, La');
INSERT INTO poblacions VALUES (46064, 'Benimuslem', 668, 4.20, 44, '0º29''36"W', '39º07''50"N', 'V', 'Ribera Alta, La');
INSERT INTO poblacions VALUES (46119, 'Ènova, l''', 977, 7.70, 50, '0º28''56"W', '39º02''40"N', 'V', 'Ribera Alta, La');
INSERT INTO poblacions VALUES (46033, 'Almiserà', 289, 7.40, 75, '0º17''06"W', '38º54''55"N', 'V', 'Safor, La');
INSERT INTO poblacions VALUES (46061, 'Beniflà', 451, 0.60, 50, '0º11''21"W', '38º55''44"N', 'V', 'Safor, La');
INSERT INTO poblacions VALUES (46091, 'Castellonet de la Conquesta', 146, 5.40, 175, '0º15''51"W', '38º54''50"N', 'V', 'Safor, La');
INSERT INTO poblacions VALUES (46038, 'Andilla', 364, 142.80, 895, '0º48''54"W', '39º50''10"N', 'C', 'Serrans, Els');
INSERT INTO poblacions VALUES (46076, 'Bugarra', 756, 40.30, 165, '0º46''24"W', '39º36''35"N', 'C', 'Serrans, Els');
INSERT INTO poblacions VALUES (46079, 'Calles', 417, 64.50, 351, '0º58''22"W', '39º43''28"N', 'C', 'Serrans, Els');
INSERT INTO poblacions VALUES (46041, 'Aras de los Olmos', 386, 76.00, 936, '1º08''00"W', '39º55''27"N', 'C', 'Serrans, Els');
INSERT INTO poblacions VALUES (46096, 'Cerdà', 386, 1.50, 136, '0º34''31"W', '38º59''10"N', 'V', 'Costera, La');
INSERT INTO poblacions VALUES (46121, 'Estubeny', 124, 6.40, 185, '0º37''26"W', '39º01''03"N', 'V', 'Costera, La');
INSERT INTO poblacions VALUES (46001, 'Ademuz', 1179, 100.40, 660, '1º17''06"W', '40º04''15"N', 'C', 'Racó, El');
INSERT INTO poblacions VALUES (46087, 'Casas Altas', 149, 15.90, 680, '1º15''46"W', '40º02''22"N', 'C', 'Racó, El');
INSERT INTO poblacions VALUES (46088, 'Casas Bajas', 195, 22.60, 650, '1º15''46"W', '40º01''24"N', 'C', 'Racó, El');
INSERT INTO poblacions VALUES (46092, 'Castielfabib', 282, 106.30, 927, '1º18''16"W', '40º07''50"N', 'C', 'Racó, El');
INSERT INTO poblacions VALUES (3003, 'Agres', 583, 25.80, 722, '0º30''58"W', '38º46''47"N', 'V', 'Comtat, El');
INSERT INTO poblacions VALUES (3016, 'Almudaina', 112, 8.80, 586, '0º21''16"W', '38º45''40"N', 'V', 'Comtat, El');
INSERT INTO poblacions VALUES (3020, 'Balones', 139, 11.20, 660, '0º20''35"W', '38º44''12"N', 'V', 'Comtat, El');
INSERT INTO poblacions VALUES (3035, 'Benilloba', 789, 9.50, 520, '0º23''28"W', '38º41''57"N', 'V', 'Comtat, El');
INSERT INTO poblacions VALUES (3036, 'Benillup', 104, 3.40, 565, '0º22''46"W', '38º45''12"N', 'V', 'Comtat, El');
INSERT INTO poblacions VALUES (12063, 'Fuente la Reina', 54, 7.50, 811, '0º36''33"W', '40º03''50"N', 'C', 'Alt Millars');
INSERT INTO poblacions VALUES (12069, 'Higueras', 59, 11.80, 671, '0º30''12"W', '39º59''01"N', 'C', 'Alt Palància');
INSERT INTO poblacions VALUES (12008, 'Algimia de Almonacid', 292, 20.30, 486, '0º26''32"W', '39º54''52"N', 'C', 'Alt Palància');
INSERT INTO poblacions VALUES (46077, 'Buñol', 9835, 112.40, 441, '0º47''26"W', '39º25''10"N', 'C', 'Foia de Bunyol');
INSERT INTO poblacions VALUES (12064, 'Fuentes de Ayódar', 135, 10.90, 505, '0º25''10"W', '40º01''14"N', 'C', 'Alt Millars');
INSERT INTO poblacions VALUES (46071, 'Bicorp', 532, 136.50, 292, '0º47''16"W', '39º07''55"N', 'C', 'Canal de Navarrés');
INSERT INTO poblacions VALUES (46129, 'Fuenterrobles', 705, 49.50, 830, '1º21''56"W', '39º35''12"N', 'C', 'Plana d''Utiel');
INSERT INTO poblacions VALUES (12065, 'Gaibiel', 198, 18.10, 517, '0º29''45"W', '39º55''33"N', 'C', 'Alt Palància');
INSERT INTO poblacions VALUES (12067, 'Geldo', 667, 0.50, 300, '0º28''01"W', '39º50''13"N', 'C', 'Alt Palància');
INSERT INTO poblacions VALUES (3074, 'Granja de Rocamora', 2417, 7.20, 17, '0º53''25"W', '38º09''09"N', 'C', 'Baix Segura');
INSERT INTO poblacions VALUES (46138, 'Guadassèquies', 460, 3.30, 180, '0º29''06"W', '38º55''32"N', 'V', 'Vall d''Albaida');
INSERT INTO poblacions VALUES (12101, 'San Rafael del Río', 512, 21.10, 360, '0º20''44"E', '40º36''20"N', 'V', 'Baix Maestrat');
INSERT INTO poblacions VALUES (46226, 'Sempere', 44, 3.80, 250, '0º28''49"W', '38º55''12"N', 'V', 'Vall d''Albaida');
INSERT INTO poblacions VALUES (46152, 'Llocnou de la Corona', 133, 0.10, 12, '0º22''56"W', '39º25''20"N', 'V', 'Horta Sud');
INSERT INTO poblacions VALUES (12076, 'Matet', 93, 14.90, 586, '0º28''08"W', '39º56''15"N', 'C', 'Alt Palància');
INSERT INTO poblacions VALUES (46167, 'Millars', 395, 105.50, 344, '0º46''21"W', '39º14''15"N', 'V', 'Canal de Navarrés');
INSERT INTO poblacions VALUES (12079, 'Montanejos', 583, 37.80, 418, '0º31''22"W', '40º04''04"N', 'C', 'Alt Millars');
INSERT INTO poblacions VALUES (46185, 'Otos', 462, 11.10, 400, '0º26''41"W', '38º51''15"N', 'V', 'Vall d''Albaida');
INSERT INTO poblacions VALUES (3103, 'Penàguila', 324, 49.90, 685, '0º21''33"W', '38º40''45"N', 'V', 'Alcoià');
INSERT INTO poblacions VALUES (46192, 'Petrés', 982, 1.90, 76, '0º18''35"W', '39º41''02"N', 'V', 'Camp de Morvedre');
INSERT INTO poblacions VALUES (46196, 'Pinet', 171, 11.90, 180, '0º20''21"W', '38º59''00"N', 'V', 'Vall d''Albaida');
INSERT INTO poblacions VALUES (46206, 'Quesa', 709, 73.20, 200, '0º44''26"W', '39º07''10"N', 'C', 'Canal de Navarrés');
INSERT INTO poblacions VALUES (46219, 'Rugat', 179, 3.10, 300, '0º21''46"W', '38º52''48"N', 'V', 'Vall d''Albaida');
INSERT INTO poblacions VALUES (46221, 'Salem', 438, 8.60, 350, '0º22''51"W', '38º51''12"N', 'V', 'Vall d''Albaida');
INSERT INTO poblacions VALUES (46117, 'Emperador', 684, 0.10, NULL, '0º20''26"W', '39º33''24"N', 'V', 'Horta Nord');
INSERT INTO poblacions VALUES (12099, 'Sant Jordi', 1078, 36.50, 175, '0º19''49"E', '40º30''34"N', 'V', 'Baix Maestrat');
INSERT INTO poblacions VALUES (46224, 'Segart', 184, 6.60, 300, '0º22''25"W', '39º41''00"N', 'V', 'Camp de Morvedre');
INSERT INTO poblacions VALUES (12107, 'Sot de Ferrer', 437, 8.60, 230, '0º24''45"W', '39º48''19"N', 'C', 'Alt Palància');
INSERT INTO poblacions VALUES (12110, 'Teresa', 283, 19.90, 636, '0º39''28"W', '39º54''01"N', 'C', 'Alt Palància');
INSERT INTO poblacions VALUES (46240, 'Terrateig', 283, 6.30, 250, '0º19''16"W', '38º53''40"N', 'V', 'Vall d''Albaida');
INSERT INTO poblacions VALUES (12111, 'Tírig', 497, 42.30, 464, '0º04''38"E', '40º25''25"N', 'V', 'Alt Maestrat');
INSERT INTO poblacions VALUES (12113, 'Toga', 112, 13.50, 291, '0º22''02"W', '40º02''33"N', 'C', 'Alt Millars');
INSERT INTO poblacions VALUES (12093, 'Pobla de Benifassà, la', 226, 136.00, 705, '0º09''20"E', '40º39''24"N', 'V', 'Baix Maestrat');
INSERT INTO poblacions VALUES (46210, 'Ràfol de Salem, el', 428, 4.30, 200, '0º23''51"W', '38º51''57"N', 'V', 'Vall d''Albaida');
INSERT INTO poblacions VALUES (12070, 'Jana, la', 733, 19.50, 299, '0º15''10"E', '40º30''46"N', 'V', 'Baix Maestrat');
INSERT INTO poblacions VALUES (12092, 'Puebla de Arenoso', 154, 42.70, 626, '0º35''28"W', '40º06''16"N', 'C', 'Alt Millars');
INSERT INTO poblacions VALUES (12098, 'Salzadella, la', 801, 49.90, 339, '0º10''29"E', '40º25''03"N', 'V', 'Baix Maestrat');
INSERT INTO poblacions VALUES (12094, 'Pobla Tornesa, la', 1172, 25.80, 298, '0º00''05"W', '40º06''04"N', 'V', 'Plana Alta, La');
INSERT INTO poblacions VALUES (12108, 'Suera', 599, 22.20, 316, '0º19''56"W', '39º57''07"N', 'V', 'Plana Baixa, La');
INSERT INTO poblacions VALUES (12109, 'Tales', 858, 14.50, 239, '0º18''26"W', '39º56''54"N', 'V', 'Plana Baixa, La');
INSERT INTO poblacions VALUES (12074, 'Llosa, la', 972, 10.00, 19, '0º12''18"W', '39º46''06"N', 'V', 'Plana Baixa, La');
INSERT INTO poblacions VALUES (3001, 'Atzúvia, l''', 627, 14.70, 102, '0º09''07"W', '38º50''49"N', 'V', 'Marina Alta, La');
INSERT INTO poblacions VALUES (3085, 'Llíber', 1080, 21.90, 274, '0º00''21"E', '38º44''36"N', 'V', 'Marina Alta, La');
INSERT INTO poblacions VALUES (3091, 'Murla', 509, 5.80, 285, '0º05''02"W', '38º45''34"N', 'V', 'Marina Alta, La');
INSERT INTO poblacions VALUES (3100, 'Parcent', 1020, 11.80, 295, '0º03''54"W', '38º44''44"N', 'V', 'Marina Alta, La');
INSERT INTO poblacions VALUES (3115, 'Sagra', 408, 5.60, 104, '0º03''56"W', '38º48''39"N', 'V', 'Marina Alta, La');
INSERT INTO poblacions VALUES (3112, 'Relleu', 1258, 76.90, 429, '0º18''41"W', '38º35''14"N', 'V', 'Marina Baixa, La');
INSERT INTO poblacions VALUES (3124, 'Sella', 584, 38.70, 419, '0º16''22"W', '38º36''30"N', 'V', 'Marina Baixa, La');
INSERT INTO poblacions VALUES (3127, 'Tàrbena', 686, 31.70, 560, '0º06''09"W', '38º41''37"N', 'V', 'Marina Baixa, La');
INSERT INTO poblacions VALUES (46100, 'Cotes', 365, 6.00, 33, '0º34''26"W', '39º04''18"N', 'V', 'Ribera Alta, La');
INSERT INTO poblacions VALUES (46222, 'Sant Joanet', 486, 1.90, 30, '0º29''16"W', '39º04''18"N', 'V', 'Ribera Alta, La');
INSERT INTO poblacions VALUES (46225, 'Sallent de Xàtiva', 397, 14.00, 70, '0º35''11"W', '39º01''52"N', 'V', 'Ribera Alta, La');
INSERT INTO poblacions VALUES (46140, 'Guardamar de la Safor', 487, 1.10, 11, '0º09''01"W', '38º57''40"N', 'V', 'Safor, La');
INSERT INTO poblacions VALUES (46153, 'Llocnou de Sant Jeroni', 546, 6.50, 98, '0º17''09"W', '38º54''50"N', 'V', 'Safor, La');
INSERT INTO poblacions VALUES (46188, 'Palmera', 998, 1.00, 17, '0º09''06"W', '38º56''30"N', 'V', 'Safor, La');
INSERT INTO poblacions VALUES (46198, 'Potries', 987, 3.10, 12, '0º12''16"W', '38º54''55"N', 'V', 'Safor, La');
INSERT INTO poblacions VALUES (46114, 'Domeño', 698, 68.50, 250, '0º56''34"W', '39º42''43"N', 'C', 'Serrans, Els');
INSERT INTO poblacions VALUES (46141, 'Higueruelas', 504, 18.80, 725, '0º51''38"W', '39º47''22"N', 'C', 'Serrans, Els');
INSERT INTO poblacions VALUES (46151, 'Llocnou d''En Fenollet', 927, 1.50, 75, '0º28''04"W', '39º00''50"N', 'V', 'Costera, La');
INSERT INTO poblacions VALUES (46180, 'Novetlè', 876, 1.50, 84, '0º32''51"W', '38º58''50"N', 'V', 'Costera, La');
INSERT INTO poblacions VALUES (46217, 'Rotglà i Corberà', 1137, 6.30, 118, '0º34''06"W', '39º00''17"N', 'V', 'Costera, La');
INSERT INTO poblacions VALUES (46137, 'Granja de la Costera, la', 337, 0.80, 98, '0º33''26"W', '38º59''45"N', 'V', 'Costera, La');
INSERT INTO poblacions VALUES (3072, 'Gaianes', 449, 9.60, 420, '0º24''30"W', '38º48''46"N', 'V', 'Comtat, El');
INSERT INTO poblacions VALUES (3086, 'Millena', 210, 9.80, 634, '0º21''50"W', '38º43''50"N', 'V', 'Comtat, El');
INSERT INTO poblacions VALUES (3106, 'Planes', 778, 38.90, 472, '0º20''42"W', '38º47''07"N', 'V', 'Comtat, El');
INSERT INTO poblacions VALUES (3060, 'Quatretondeta', 115, 16.70, 521, '0º19''01"W', '38º43''25"N', 'V', 'Comtat, El');
INSERT INTO poblacions VALUES (3130, 'Tollos', 59, 14.60, 773, '0º16''30"W', '38º45''25"N', 'V', 'Comtat, El');
INSERT INTO poblacions VALUES (3902, 'Pilar de la Horadada', 21588, 77.90, 35, '0º47''00"W', '37º52''00"N', 'C', 'Baix Segura');
INSERT INTO poblacions VALUES (3058, 'Cox', 7188, 16.80, 16, '0º53''05"W', '38º08''22"N', 'C', 'Baix Segura');
INSERT INTO poblacions VALUES (12073, 'Ludiente', 175, 31.40, 431, '0º22''20"W', '40º05''11"N', 'C', 'Alt Millars');
INSERT INTO poblacions VALUES (12078, 'Montán', 403, 34.10, 580, '0º33''18"W', '40º02''07"N', 'C', 'Alt Millars');
INSERT INTO poblacions VALUES (46175, 'Montitxelvo', 644, 8.20, 270, '0º20''21"W', '38º53''30"N', 'V', 'Vall d''Albaida');
INSERT INTO poblacions VALUES (46097, 'Cofrentes', 1050, 103.20, 437, '1º03''41"W', '39º13''47"N', 'C', 'Vall de Cofrents');
INSERT INTO poblacions VALUES (3064, 'Dolores', 7237, 18.70, 4, '0º46''12"W', '38º08''20"N', 'C', 'Baix Segura');
INSERT INTO poblacions VALUES (46189, 'Palomar, el', 584, 7.80, 192, '0º30''06"W', '38º51''15"N', 'C', 'Vall d''Albaida');
INSERT INTO poblacions VALUES (12102, 'Santa Magdalena de Polpís', 830, 66.50, 123, '0º18''10"E', '40º21''21"N', 'V', 'Baix Maestrat');
INSERT INTO poblacions VALUES (12081, 'Navajas', 761, 7.90, 383, '0º30''27"W', '39º52''42"N', 'C', 'Alt Palància');
INSERT INTO poblacions VALUES (12088, 'Pavías', 54, 14.40, 738, '0º28''57"W', '39º58''23"N', 'C', 'Alt Palància');
INSERT INTO poblacions VALUES (46239, 'Teresa de Cofrentes', 620, 110.80, 533, '1º03''06"W', '39º06''20"N', 'C', 'Vall de Cofrents');
INSERT INTO poblacions VALUES (3903, 'Montesinos, los', 4966, 15.10, 7, '0º44''36"W', '38º01''39"N', 'C', 'Baix Segura');
INSERT INTO poblacions VALUES (3099, 'Orihuela', 83417, 365.40, 23, '0º56''49"W', '38º05''08"N', 'C', 'Baix Segura');
INSERT INTO poblacions VALUES (12142, 'Zucaina', 184, 51.60, 810, '0º25''07"W', '40º07''54"N', 'C', 'Alt Millars');
INSERT INTO poblacions VALUES (12116, 'Torralba del Pinar', 48, 21.20, 729, '0º26''18"W', '39º59''19"N', 'C', 'Alt Millars');
INSERT INTO poblacions VALUES (46108, 'Chera', 536, 54.50, 600, '0º58''32"W', '39º35''29"N', 'C', 'Plana d''Utiel');
INSERT INTO poblacions VALUES (46245, 'Torres Torres', 630, 11.80, 168, '0º21''18"W', '39º44''33"N', 'V', 'Camp de Morvedre');
INSERT INTO poblacions VALUES (12123, 'Vallat', 54, 5.00, 276, '0º20''13"W', '40º01''50"N', 'C', 'Alt Millars');
INSERT INTO poblacions VALUES (12134, 'Vilar de Canes', 175, 15.90, 668, '0º03''58"W', '40º21''29"N', 'V', 'Alt Maestrat');
INSERT INTO poblacions VALUES (46259, 'Villargordo del Cabriel', 654, 71.60, 850, '1º26''28"W', '39º32''29"N', 'C', 'Plana d''Utiel');
INSERT INTO poblacions VALUES (12052, 'Xert', 819, 82.50, 470, '0º09''21"E', '40º31''16"N', 'V', 'Baix Maestrat');
INSERT INTO poblacions VALUES (46263, 'Zarra', 484, 49.70, 605, '1º04''36"W', '39º05''30"N', 'C', 'Vall de Cofrents');
INSERT INTO poblacions VALUES (46260, 'Vinalesa', 3244, 1.50, 14, '0º22''14"W', '39º32''17"N', 'V', 'Horta Nord');
INSERT INTO poblacions VALUES (12138, 'Vinaròs', 28337, 95.50, 7, '0º28''29"E', '40º28''15"N', 'V', 'Baix Maestrat');
INSERT INTO poblacions VALUES (12140, 'Viver', 1594, 49.90, 559, '0º35''50"W', '39º55''17"N', 'C', 'Alt Palància');
INSERT INTO poblacions VALUES (46107, 'Xella', 2683, 43.50, 219, '0º39''38"W', '39º02''40"N', 'C', 'Canal de Navarrés');
INSERT INTO poblacions VALUES (46110, 'Xirivella', 29309, 5.20, 17, '0º25''36"W', '39º28''00"N', 'V', 'Horta Oest');
INSERT INTO poblacions VALUES (3122, 'Sant Vicent del Raspeig', 55946, 40.50, 109, '0º31''32"W', '38º23''47"N', 'V', 'Alacantí');
INSERT INTO poblacions VALUES (3083, 'Xixona', 7226, 163.80, 453, '0º30''29"W', '38º32''21"N', 'V', 'Alacantí');
INSERT INTO poblacions VALUES (3002, 'Agost', 4752, 66.60, 376, '0º38''22"W', '38º26''21"N', 'V', 'Alacantí');
INSERT INTO poblacions VALUES (46004, 'Agullent', 2435, 16.20, 360, '0º32''51"W', '38º49''20"N', 'V', 'Vall d''Albaida');
INSERT INTO poblacions VALUES (3014, 'Alacant', 332067, 200.80, 3, '0º28''59"W', '38º20''43"N', 'V', 'Alacantí');
INSERT INTO poblacions VALUES (46005, 'Alaquàs', 29964, 3.90, 33, '0º27''46"W', '39º27''30"N', 'V', 'Horta Oest');
INSERT INTO poblacions VALUES (46006, 'Albaida', 6031, 35.40, 315, '0º31''11"W', '38º50''30"N', 'V', 'Vall d''Albaida');
INSERT INTO poblacions VALUES (46007, 'Albal', 15935, 7.40, 15, '0º24''56"W', '39º23''50"N', 'V', 'Horta Sud');
INSERT INTO poblacions VALUES (46009, 'Albalat dels Sorells', 3937, 4.60, 10, '0º20''46"W', '39º32''36"N', 'V', 'Horta Nord');
INSERT INTO poblacions VALUES (12003, 'Albocàsser', 1351, 82.30, 538, '0º01''25"E', '40º21''28"N', 'V', 'Alt Maestrat');
INSERT INTO poblacions VALUES (12004, 'Alcalà de Xivert', 7233, 167.60, 155, '0º13''32"E', '40º18''15"N', 'V', 'Baix Maestrat');
INSERT INTO poblacions VALUES (46015, 'Alcàsser', 9527, 8.50, 15, '0º26''41"W', '39º22''10"N', 'V', 'Horta Sud');
INSERT INTO poblacions VALUES (3009, 'Alcoi', 59675, 129.90, 562, '0º28''25"W', '38º41''54"N', 'V', 'Alcoià');
INSERT INTO poblacions VALUES (46021, 'Aldaia', 31000, 16.10, 50, '0º27''46"W', '39º27''50"N', 'V', 'Horta Oest');
INSERT INTO poblacions VALUES (46022, 'Alfafar', 21305, 10.10, 6, '0º23''26"W', '39º25''20"N', 'V', 'Horta Sud');
INSERT INTO poblacions VALUES (46025, 'Alfara del Patriarca', 3219, 2.00, 35, '0º23''06"W', '39º32''37"N', 'V', 'Horta Nord');
INSERT INTO poblacions VALUES (46027, 'Alfarrassí', 1252, 6.40, 200, '0º29''46"W', '38º54''15"N', 'V', 'Vall d''Albaida');
INSERT INTO poblacions VALUES (46014, 'Albuixech', 3920, 4.40, 3, '0º19''18"W', '39º32''37"N', 'V', 'Horta Nord');
INSERT INTO poblacions VALUES (12103, 'Serratella, la', 99, 18.80, 781, '0º01''52"E', '40º18''45"N', 'V', 'Plana Alta, La');
INSERT INTO poblacions VALUES (12132, 'Vilanova d''Alcolea', 604, 68.40, 344, '0º04''18"E', '40º13''51"N', 'V', 'Plana Alta, La');
INSERT INTO poblacions VALUES (12053, 'Xilxes', 2853, 13.60, 7, '0º11''17"W', '39º46''55"N', 'V', 'Plana Baixa, La');
INSERT INTO poblacions VALUES (3136, 'Vall de Gallinera', 595, 53.60, 295, '0º13''20"W', '38º49''20"N', 'V', 'Marina Alta, La');
INSERT INTO poblacions VALUES (3082, 'Xàbia', 29067, 68.60, 12, '0º09''47"E', '38º47''21"N', 'V', 'Marina Alta, La');
INSERT INTO poblacions VALUES (3031, 'Benidorm', 69010, 38.50, 15, '0º07''53"W', '38º32''03"N', 'V', 'Marina Baixa, La');
INSERT INTO poblacions VALUES (46011, 'Alberic', 10826, 27.00, 28, '0º31''16"W', '39º07''00"N', 'V', 'Ribera Alta, La');
INSERT INTO poblacions VALUES (46016, 'Alcàntera de Xúquer', 1350, 3.40, 33, '0º33''36"W', '39º04''10"N', 'V', 'Ribera Alta, La');
INSERT INTO poblacions VALUES (46026, 'Alfarb', 1553, 20.60, 95, '0º33''39"W', '39º16''35"N', 'V', 'Ribera Alta, La');
INSERT INTO poblacions VALUES (46029, 'Algemesí', 27808, 41.50, 17, '0º26''16"W', '39º11''23"N', 'V', 'Ribera Alta, La');
INSERT INTO poblacions VALUES (46008, 'Albalat de la Ribera', 3485, 14.30, 14, '0º23''16"W', '39º12''05"N', 'V', 'Ribera Baixa, La');
INSERT INTO poblacions VALUES (46143, 'Xeraco', 5907, 20.20, 3, '0º12''56"W', '39º01''55"N', 'V', 'Safor, La');
INSERT INTO poblacions VALUES (46146, 'Xeresa', 2246, 16.90, 30, '0º13''06"W', '39º00''35"N', 'V', 'Safor, La');
INSERT INTO poblacions VALUES (46002, 'Ador', 1411, 13.80, 50, '0º13''31"W', '38º55''05"N', 'V', 'Safor, La');
INSERT INTO poblacions VALUES (46149, 'Losa del Obispo', 510, 12.20, 350, '0º52''21"W', '39º41''42"N', 'C', 'Serrans, Els');
INSERT INTO poblacions VALUES (46241, 'Titaguas', 502, 63.10, 720, '1º04''51"W', '39º52''03"N', 'C', 'Serrans, Els');
INSERT INTO poblacions VALUES (46234, 'Sot de Chera', 374, 34.00, 240, '0º54''43"W', '39º37''18"N', 'C', 'Serrans, Els');
INSERT INTO poblacions VALUES (46133, 'Gestalgar', 640, 69.70, 200, '0º50''04"W', '39º36''18"N', 'C', 'Serrans, Els');
INSERT INTO poblacions VALUES (46243, 'Torrella', 158, 1.10, 135, '0º34''26"W', '38º59''20"N', 'V', 'Costera, La');
INSERT INTO poblacions VALUES (46253, 'Vallés', 154, 1.20, 98, '0º33''24"W', '38º59''10"N', 'V', 'Costera, La');
INSERT INTO poblacions VALUES (46145, 'Xàtiva', 29343, 76.60, 115, '0º31''16"W', '38º59''25"N', 'V', 'Costera, La');
INSERT INTO poblacions VALUES (46252, 'Vallanca', 156, 56.60, 950, '1º20''26"W', '40º03''50"N', 'C', 'Racó, El');
INSERT INTO poblacions VALUES (3132, 'Torre de les Maçanes, la', 743, 36.50, 788, '0º25''09"W', '38º36''24"N', 'V', 'Alacantí');
INSERT INTO poblacions VALUES (12119, 'Torre d''En Besora, la', 167, 11.70, 647, '0º04''45"W', '40º19''37"N', 'V', 'Alt Maestrat');
INSERT INTO poblacions VALUES (12118, 'Torrechiva', 75, 11.80, 339, '0º23''53"W', '40º02''56"N', 'C', 'Alt Millars');
INSERT INTO poblacions VALUES (46044, 'Ayora', 5359, 446.60, 641, '1º03''26"W', '39º03''30"N', 'C', 'Vall de Cofrents');
INSERT INTO poblacions VALUES (46042, 'Aielo de Malferit', 4657, 26.70, 267, '0º35''31"W', '38º52''40"N', 'V', 'Vall d''Albaida');
INSERT INTO poblacions VALUES (12114, 'Torás', 238, 16.80, 773, '0º41''11"W', '39º55''10"N', 'C', 'Alt Palància');
INSERT INTO poblacions VALUES (12130, 'Villahermosa del Río', 500, 108.90, 755, '0º25''05"W', '40º12''08"N', 'C', 'Alt Millars');
INSERT INTO poblacions VALUES (12131, 'Villamalur', 75, 19.50, 644, '0º23''43"W', '39º57''52"N', 'C', 'Alt Millars');
INSERT INTO poblacions VALUES (12125, 'Vall de Almonacid', 254, 21.10, 441, '0º27''24"W', '39º54''14"N', 'C', 'Alt Palància');
INSERT INTO poblacions VALUES (12133, 'Villanueva de Viver', 68, 6.00, 891, '0º38''49"W', '40º03''32"N', 'C', 'Alt Millars');
INSERT INTO poblacions VALUES (3080, 'Jacarilla', 1947, 12.20, 23, '0º52''00"W', '38º03''38"N', 'C', 'Baix Segura');
INSERT INTO poblacions VALUES (46142, 'Jalance', 927, 94.80, 453, '1º04''41"W', '39º11''30"N', 'C', 'Vall de Cofrents');
INSERT INTO poblacions VALUES (46144, 'Jarafuel', 805, 103.10, 650, '1º04''26"W', '39º08''20"N', 'C', 'Vall de Cofrents');
INSERT INTO poblacions VALUES (12071, 'Jérica', 1621, 78.30, 523, '0º34''19"W', '39º54''39"N', 'C', 'Alt Palància');
INSERT INTO poblacions VALUES (46109, 'Cheste', 8518, 71.40, 110, '0º41''04"W', '39º28''47"N', 'C', 'Foia de Bunyol');
INSERT INTO poblacions VALUES (3012, 'Algorfa', 3799, 18.40, 26, '0º48''17"W', '38º05''09"N', 'C', 'Baix Segura');
INSERT INTO poblacions VALUES (46032, 'Almàssera', 7293, 2.70, 10, '0º21''19"W', '39º30''47"N', 'V', 'Horta Nord');
INSERT INTO poblacions VALUES (3015, 'Almoradí', 19992, 42.70, 9, '0º47''22"W', '38º06''35"N', 'C', 'Baix Segura');
INSERT INTO poblacions VALUES (12012, 'Altura', 3670, 129.50, 391, '0º30''38"W', '39º51''03"N', 'C', 'Alt Palància');
INSERT INTO poblacions VALUES (46039, 'Anna', 2655, 21.40, 197, '0º38''41"W', '39º01''20"N', 'C', 'Canal de Navarrés');
INSERT INTO poblacions VALUES (3019, 'Asp', 20248, 70.90, 241, '0º46''08"W', '38º20''44"N', 'C', 'Vinalopó Mitjà');
INSERT INTO poblacions VALUES (46003, 'Atzeneta d''Albaida', 1175, 6.10, 450, '0º29''51"W', '38º50''05"N', 'V', 'Vall d''Albaida');
INSERT INTO poblacions VALUES (3021, 'Banyeres de Mariola', 7174, 50.30, 816, '0º39''26"W', '38º42''57"N', 'V', 'Alcoià');
INSERT INTO poblacions VALUES (46051, 'Benaguasil', 11015, 25.40, 110, '0º35''11"W', '39º35''36"N', 'V', 'Camp de Túria');
INSERT INTO poblacions VALUES (12026, 'Benassal', 1162, 79.60, 830, '0º08''34"W', '40º22''47"N', 'V', 'Alt Maestrat');
INSERT INTO poblacions VALUES (3023, 'Beneixama', 1738, 34.90, 592, '0º46''02"W', '38º42''00"N', 'V', 'Alt Vinalopó');
INSERT INTO poblacions VALUES (46054, 'Benetússer', 14529, 0.80, 11, '0º23''46"W', '39º25''30"N', 'V', 'Horta Sud');
INSERT INTO poblacions VALUES (3025, 'Benferri', 1910, 12.40, 52, '0º57''45"W', '38º08''30"N', 'C', 'Baix Segura');
INSERT INTO poblacions VALUES (12027, 'Benicarló', 26521, 47.90, 21, '0º25''24"E', '40º25''07"N', 'V', 'Baix Maestrat');
INSERT INTO poblacions VALUES (46058, 'Benifairó de les Valls', 2229, 4.30, 34, '0º16''04"W', '39º43''51"N', 'V', 'Camp de Morvedre');
INSERT INTO poblacions VALUES (46062, 'Benigànim', 6183, 33.40, 120, '0º26''36"W', '38º56''35"N', 'V', 'Vall d''Albaida');
INSERT INTO poblacions VALUES (3034, 'Benijófar', 3791, 4.40, 18, '0º44''19"W', '38º04''50"N', 'C', 'Baix Segura');
INSERT INTO poblacions VALUES (46065, 'Beniparrell', 1956, 3.70, 20, '0º24''41"W', '39º22''50"N', 'V', 'Horta Sud');
INSERT INTO poblacions VALUES (46067, 'Benissanó', 2287, 2.30, 70, '0º34''40"W', '39º36''49"N', 'V', 'Camp de Túria');
INSERT INTO poblacions VALUES (46070, 'Bétera', 21846, 75.70, 125, '0º27''46"W', '39º35''36"N', 'V', 'Camp de Túria');
INSERT INTO poblacions VALUES (3043, 'Biar', 3670, 98.20, 700, '0º45''59"W', '38º37''47"N', 'V', 'Alt Vinalopó');
INSERT INTO poblacions VALUES (46072, 'Bocairent', 4335, 97.00, 680, '0º36''46"W', '38º45''57"N', 'V', 'Vall d''Albaida');
INSERT INTO poblacions VALUES (46074, 'Bonrepòs i Mirambell', 3507, 1.10, 27, '0º21''54"W', '39º31''14"N', 'V', 'Horta Nord');
INSERT INTO poblacions VALUES (3046, 'Busot', 3138, 33.90, 324, '0º25''13"W', '38º28''53"N', 'V', 'Alacantí');
INSERT INTO poblacions VALUES (12034, 'Càlig', 2080, 27.50, 122, '0º21''13"E', '40º27''42"N', 'V', 'Baix Maestrat');
INSERT INTO poblacions VALUES (12011, 'Almenara', 6123, 27.60, 26, '0º13''32"W', '39º45''12"N', 'V', 'Plana Baixa, La');
INSERT INTO poblacions VALUES (12016, 'Artana', 1994, 36.30, 261, '0º15''27"W', '39º53''29"N', 'V', 'Plana Baixa, La');
INSERT INTO poblacions VALUES (12021, 'Betxí', 5770, 21.40, 102, '0º11''53"W', '39º55''42"N', 'V', 'Plana Baixa, La');
INSERT INTO poblacions VALUES (12032, 'Borriana', 34783, 47.20, 13, '0º05''03"W', '39º53''22"N', 'V', 'Plana Baixa, La');
INSERT INTO poblacions VALUES (3134, 'Vall d''Alcalà, la', 175, 24.20, 637, '0º15''10"W', '38º47''40"N', 'V', 'Marina Alta, La');
INSERT INTO poblacions VALUES (3137, 'Vall de Laguar, la', 872, 23.10, 450, '0º06''36"W', '38º46''37"N', 'V', 'Marina Alta, La');
INSERT INTO poblacions VALUES (3042, 'Poble Nou de Benitatxell, el', 4659, 12.70, 142, '0º08''39"E', '38º43''58"N', 'V', 'Marina Alta, La');
INSERT INTO poblacions VALUES (3011, 'Alfàs del Pi, l''', 21357, 19.30, 88, '0º06''11"W', '38º34''48"N', 'V', 'Marina Baixa, La');
INSERT INTO poblacions VALUES (3018, 'Altea', 22518, 34.40, 62, '0º03''07"W', '38º35''55"N', 'V', 'Marina Baixa, La');
INSERT INTO poblacions VALUES (46017, 'Alzira', 44518, 110.40, 14, '0º26''06"W', '39º09''00"N', 'V', 'Ribera Alta, La');
INSERT INTO poblacions VALUES (46040, 'Antella', 1343, 17.60, 44, '0º35''26"W', '39º04''58"N', 'V', 'Ribera Alta, La');
INSERT INTO poblacions VALUES (46060, 'Benifaió', 11819, 20.10, 35, '0º25''41"W', '39º17''05"N', 'V', 'Ribera Alta, La');
INSERT INTO poblacions VALUES (46063, 'Benimodo', 2254, 12.50, 42, '0º31''41"W', '39º12''50"N', 'V', 'Ribera Alta, La');
INSERT INTO poblacions VALUES (46035, 'Almussafes', 8744, 10.80, 30, '0º24''53"W', '39º17''25"N', 'V', 'Ribera Baixa, La');
INSERT INTO poblacions VALUES (46034, 'Almoines', 2300, 2.10, 34, '0º10''56"W', '38º56''36"N', 'V', 'Safor, La');
INSERT INTO poblacions VALUES (46046, 'Barx', 1317, 16.10, 325, '0º18''06"W', '39º00''52"N', 'V', 'Safor, La');
INSERT INTO poblacions VALUES (46048, 'Bellreguard', 4712, 2.90, 15, '0º09''36"W', '38º56''44"N', 'V', 'Safor, La');
INSERT INTO poblacions VALUES (46055, 'Beniarjó', 1815, 2.80, 48, '0º11''16"W', '38º55''58"N', 'V', 'Safor, La');
INSERT INTO poblacions VALUES (46059, 'Benifairó de la Valldigna', 1616, 20.20, 40, '0º18''11"W', '39º03''12"N', 'V', 'Safor, La');
INSERT INTO poblacions VALUES (46066, 'Benirredrà', 1639, 0.40, 25, '0º11''31"W', '38º57''40"N', 'V', 'Safor, La');
INSERT INTO poblacions VALUES (46106, 'Chelva', 1463, 190.60, 800, '0º59''51"W', '39º44''49"N', 'C', 'Serrans, Els');
INSERT INTO poblacions VALUES (46112, 'Chulilla', 664, 61.80, 400, '0º53''44"W', '39º39''20"N', 'C', 'Serrans, Els');
INSERT INTO poblacions VALUES (46020, 'Alcúdia de Crespins, l''', 5231, 5.20, 103, '0º35''21"W', '38º58''20"N', 'V', 'Costera, La');
INSERT INTO poblacions VALUES (46045, 'Barxeta', 1606, 28.50, 93, '0º25''04"W', '39º02''20"N', 'V', 'Costera, La');
INSERT INTO poblacions VALUES (46242, 'Torrebaja', 429, 4.70, 760, '1º15''26"W', '40º05''44"N', 'C', 'Racó, El');
INSERT INTO poblacions VALUES (3028, 'Beniarrés', 1254, 20.20, 398, '0º22''46"W', '38º49''12"N', 'V', 'Comtat, El');
INSERT INTO poblacions VALUES (3049, 'Callosa de Segura', 18079, 34.70, 247, '0º07''22"W', '38º39''05"N', 'C', 'Baix Segura');
INSERT INTO poblacions VALUES (46080, 'Camporrobles', 1319, 89.50, 908, '1º23''43"W', '39º38''53"N', 'C', 'Plana d''Utiel');
INSERT INTO poblacions VALUES (46082, 'Canet d''En Berenguer', 6296, 3.80, 8, '0º13''14"W', '39º40''46"N', 'V', 'Camp de Morvedre');
INSERT INTO poblacions VALUES (3088, 'Monforte del Cid', 7658, 79.50, 230, '0º43''49"W', '38º22''45"N', 'C', 'Vinalopó Mitjà');
INSERT INTO poblacions VALUES (46078, 'Burjassot', 37641, 3.40, 59, '0º24''24"W', '39º30''23"N', 'V', 'Horta Nord');
INSERT INTO poblacions VALUES (46089, 'Casinos', 2829, 41.50, 288, '0º42''26"W', '39º42''02"N', 'V', 'Camp de Túria');
INSERT INTO poblacions VALUES (3053, 'Castalla', 10143, 114.60, 675, '0º40''15"W', '38º35''48"N', 'V', 'Alcoià');
INSERT INTO poblacions VALUES (46090, 'Castelló de Rugat', 2302, 19.10, 200, '0º23''01"W', '38º52''30"N', 'V', 'Vall d''Albaida');
INSERT INTO poblacions VALUES (46094, 'Catarroja', 27478, 13.00, 16, '0º24''16"W', '39º24''10"N', 'V', 'Horta Sud');
INSERT INTO poblacions VALUES (3050, 'Campello, el', 27081, 55.30, 26, '0º24''04"W', '38º25''39"N', 'V', 'Alacantí');
INSERT INTO poblacions VALUES (12039, 'Castellnovo', 991, 19.20, 347, '0º27''23"W', '39º51''39"N', 'C', 'Alt Palància');
INSERT INTO poblacions VALUES (3024, 'Benejúzar', 5394, 9.30, 25, '0º50''19"W', '38º04''40"N', 'C', 'Baix Segura');
INSERT INTO poblacions VALUES (3044, 'Bigastro', 6762, 4.10, 24, '0º53''44"W', '38º03''47"N', 'C', 'Baix Segura');
INSERT INTO poblacions VALUES (46073, 'Bolbaite', 1369, 40.40, 253, '0º40''26"W', '39º03''50"N', 'C', 'Canal de Navarrés');
INSERT INTO poblacions VALUES (3013, 'Alguenya, l''', 1457, 18.50, 534, '1º00''13"W', '38º20''16"N', 'V', 'Vinalopó Mitjà');
INSERT INTO poblacions VALUES (3052, 'Canyada, la', 1242, 19.30, 558, '0º48''37"W', '38º40''30"N', 'V', 'Alt Vinalopó');
INSERT INTO poblacions VALUES (3066, 'Elda', 53540, 45.80, 395, '0º47''48"W', '38º28''44"N', 'C', 'Vinalopó Mitjà');
INSERT INTO poblacions VALUES (46118, 'Ènguera', 5291, 241.80, 312, '0º41''16"W', '38º58''55"N', 'C', 'Canal de Navarrés');
INSERT INTO poblacions VALUES (46120, 'Estivella', 1387, 20.90, 125, '0º20''54"W', '39º42''33"N', 'V', 'Camp de Morvedre');
INSERT INTO poblacions VALUES (46122, 'Faura', 3556, 1.60, 27, '0º15''40"W', '39º43''40"N', 'V', 'Camp de Morvedre');
INSERT INTO poblacions VALUES (46126, 'Foios', 7094, 6.50, 8, '0º21''24"W', '39º32''19"N', 'V', 'Horta Nord');
INSERT INTO poblacions VALUES (3070, 'Formentera del Segura', 4211, 4.30, 6, '0º44''49"W', '38º05''03"N', 'C', 'Baix Segura');
INSERT INTO poblacions VALUES (46134, 'Gilet', 3327, 11.30, 76, '0º19''18"W', '39º40''45"N', 'V', 'Camp de Morvedre');
INSERT INTO poblacions VALUES (46135, 'Godella', 13125, 8.30, 30, '0º24''41"W', '39º31''12"N', 'V', 'Horta Nord');
INSERT INTO poblacions VALUES (46136, 'Godelleta', 3408, 37.50, 266, '0º41''08"W', '39º25''20"N', 'C', 'Foia de Bunyol');
INSERT INTO poblacions VALUES (3076, 'Guardamar del Segura', 15599, 35.60, 25, '0º39''18"W', '38º05''23"N', 'V', 'Baix Segura');
INSERT INTO poblacions VALUES (3079, 'Ibi', 23456, 62.50, 816, '0º34''31"W', '38º37''38"N', 'V', 'Alcoià');
INSERT INTO poblacions VALUES (46147, 'Llíria', 23261, 228.00, 164, '0º35''39"W', '39º37''33"N', 'V', 'Camp de Túria');
INSERT INTO poblacions VALUES (46150, 'Llutxent', 2452, 40.10, 280, '0º21''23"W', '38º56''30"N', 'C', 'Vall d''Albaida');
INSERT INTO poblacions VALUES (46148, 'Loriguilla', 1879, 72.40, 110, '0º55''54"W', '39º40''59"N', 'V', 'Camp de Túria');
INSERT INTO poblacions VALUES (46159, 'Manises', 30834, 19.60, 52, '0º27''26"W', '39º29''30"N', 'C', 'Horta Oest');
INSERT INTO poblacions VALUES (46161, 'Marines', 1872, 35.30, 300, '0º31''53"W', '39º44''25"N', 'V', 'Camp de Túria');
INSERT INTO poblacions VALUES (46163, 'Massalfassar', 2475, 2.50, 9, '0º19''30"W', '39º33''40"N', 'V', 'Horta Nord');
INSERT INTO poblacions VALUES (46164, 'Massamagrell', 15564, 6.20, 15, '0º19''49"W', '39º24''29"N', 'V', 'Horta Nord');
INSERT INTO poblacions VALUES (46165, 'Massanassa', 9149, 5.60, 14, '0º23''56"W', '39º24''30"N', 'C', 'Horta Sud');
INSERT INTO poblacions VALUES (46166, 'Meliana', 10612, 4.70, 12, '0º20''55"W', '39º31''42"N', 'V', 'Horta Nord');
INSERT INTO poblacions VALUES (46169, 'Mislata', 43281, 2.10, 29, '0º24''56"W', '39º28''30"N', 'V', 'Horta Oest');
INSERT INTO poblacions VALUES (3089, 'Monòver', 12460, 152.40, 400, '0º50''17"W', '38º26''13"N', 'V', 'Vinalopó Mitjà');
INSERT INTO poblacions VALUES (46173, 'Montaverner', 1708, 7.40, 200, '0º29''46"W', '38º53''25"N', 'V', 'Vall d''Albaida');
INSERT INTO poblacions VALUES (46171, 'Montcada', 21906, 15.80, 33, '0º23''34"W', '39º32''35"N', 'V', 'Horta Nord');
INSERT INTO poblacions VALUES (12077, 'Moncofa', 6339, 14.50, 6, '0º08''44"W', '39º48''27"N', 'V', 'Plana Baixa, La');
INSERT INTO poblacions VALUES (3047, 'Calp', 22437, 23.50, 59, '0º02''39"E', '38º38''42"N', 'V', 'Marina Alta, La');
INSERT INTO poblacions VALUES (3071, 'Gata de Gorgos', 5985, 20.30, 78, '0º05''01"E', '38º46''23"N', 'V', 'Marina Alta, La');
INSERT INTO poblacions VALUES (3048, 'Callosa d''En Sarrià', 7370, 24.80, 19, '0º52''47"W', '38º07''21"N', 'V', 'Marina Baixa, La');
INSERT INTO poblacions VALUES (3057, 'Confrides', 232, 40.00, 785, '0º16''07"W', '38º41''00"N', 'V', 'Marina Baixa, La');
INSERT INTO poblacions VALUES (46083, 'Carcaixent', 20613, 59.20, 21, '0º26''56"W', '39º07''20"N', 'V', 'Ribera Alta, La');
INSERT INTO poblacions VALUES (46084, 'Càrcer', 1952, 7.60, 42, '0º34''06"W', '39º04''10"N', 'V', 'Ribera Alta, La');
INSERT INTO poblacions VALUES (46085, 'Carlet', 15351, 45.60, 48, '0º31''16"W', '39º13''35"N', 'V', 'Ribera Alta, La');
INSERT INTO poblacions VALUES (46093, 'Catadau', 2754, 35.50, 97, '0º34''11"W', '39º16''33"N', 'V', 'Ribera Alta, La');
INSERT INTO poblacions VALUES (46098, 'Corbera', 3231, 20.30, 17, '0º21''16"W', '39º09''30"N', 'V', 'Ribera Baixa, La');
INSERT INTO poblacions VALUES (46123, 'Favara', 2430, 9.40, 12, '0º17''26"W', '39º07''40"N', 'V', 'Ribera Baixa, La');
INSERT INTO poblacions VALUES (46125, 'Fortaleny', 1034, 4.60, 16, '0º18''51"W', '39º11''00"N', 'V', 'Ribera Baixa, La');
INSERT INTO poblacions VALUES (46155, 'Llaurí', 1274, 13.60, 12, '0º19''46"W', '39º08''50"N', 'V', 'Ribera Baixa, La');
INSERT INTO poblacions VALUES (46037, 'Alqueria de la Comtessa, l''', 1521, 2.10, 16, '0º09''16"W', '38º56''10"N', 'V', 'Safor, La');
INSERT INTO poblacions VALUES (46113, 'Daimús', 3062, 3.10, 6, '0º09''16"W', '38º58''05"N', 'V', 'Safor, La');
INSERT INTO poblacions VALUES (46131, 'Gandia', 76497, 60.80, 22, '0º10''56"W', '38º58''00"N', 'V', 'Safor, La');
INSERT INTO poblacions VALUES (46168, 'Miramar', 2571, 2.60, 12, '0º08''20"W', '38º57''00"N', 'V', 'Safor, La');
INSERT INTO poblacions VALUES (46081, 'Canals', 13360, 21.80, 160, '0º35''06"W', '38º57''40"N', 'V', 'Costera, La');
INSERT INTO poblacions VALUES (46132, 'Genovés', 2832, 15.20, 120, '0º28''13"W', '38º59''20"N', 'V', 'Costera, La');
INSERT INTO poblacions VALUES (46154, 'Llanera de Ranes', 1035, 9.30, 140, '0º34''31"W', '38º59''40"N', 'V', 'Costera, La');
INSERT INTO poblacions VALUES (46170, 'Moixent', 4619, 150.20, 284, '0º45''06"W', '38º52''30"N', 'V', 'Costera, La');
INSERT INTO poblacions VALUES (3056, 'Cocentaina', 11519, 52.80, 434, '0º26''26"W', '38º44''42"N', 'V', 'Comtat, El');
INSERT INTO poblacions VALUES (3067, 'Fageca', 104, 10.20, 769, '0º16''06"W', '38º44''04"N', 'V', 'Comtat, El');
INSERT INTO poblacions VALUES (3073, 'Gorga', 274, 9.10, 545, '0º21''26"W', '38º43''05"N', 'V', 'Comtat, El');
INSERT INTO poblacions VALUES (46177, 'Museros', 6326, 12.50, 12, '0º20''28"W', '39º33''57"N', 'C', 'Horta Nord');
INSERT INTO poblacions VALUES (3090, 'Mutxamel', 24232, 47.70, 63, '0º26''44"W', '38º24''49"N', 'V', 'Alacantí');
INSERT INTO poblacions VALUES (46178, 'Nàquera', 6129, 38.70, 242, '0º25''27"W', '39º39''29"N', 'V', 'Camp de Túria');
INSERT INTO poblacions VALUES (46179, 'Navarrés', 3169, 47.00, 275, '0º41''36"W', '39º06''05"N', 'V', 'Canal de Navarrés');
INSERT INTO poblacions VALUES (3093, 'Novelda', 26292, 75.70, 241, '0º45''56"W', '38º23''09"N', 'V', 'Vinalopó Mitjà');
INSERT INTO poblacions VALUES (46182, 'Olocau de Carraixet', 1628, 37.40, 200, '0º31''54"W', '39º42''00"N', 'V', 'Camp de Túria');
INSERT INTO poblacions VALUES (3096, 'Onil', 7565, 48.40, 697, '0º40''28"W', '38º37''45"N', 'V', 'Alcoià');
INSERT INTO poblacions VALUES (46184, 'Ontinyent', 36180, 125.40, 382, '0º36''26"W', '38º49''20"N', 'V', 'Vall d''Albaida');
INSERT INTO poblacions VALUES (46186, 'Paiporta', 24810, 3.90, 52, '0º25''06"W', '39º25''40"N', 'V', 'Horta Sud');
INSERT INTO poblacions VALUES (46190, 'Paterna', 67156, 44.00, 70, '0º26''26"W', '39º30''10"N', 'V', 'Horta Oest');
INSERT INTO poblacions VALUES (46116, 'Eliana, l''', 17501, 8.80, 90, '0º31''41"W', '39º33''58"N', 'V', 'Camp de Túria');
INSERT INTO poblacions VALUES (46183, 'Olleria, l''', 8379, 32.20, 425, '0º32''56"W', '38º54''45"N', 'V', 'Vall d''Albaida');
INSERT INTO poblacions VALUES (3061, 'Daya Nueva', 1765, 7.10, 5, '0º45''41"W', '38º06''49"N', 'C', 'Baix Segura');
INSERT INTO poblacions VALUES (3062, 'Daya Vieja', 681, 3.10, 4, '0º44''18"W', '38º06''17"N', 'C', 'Baix Segura');
INSERT INTO poblacions VALUES (3077, 'Fondó de les Neus, el', 2632, 68.80, 300, '0º51''14"W', '38º18''29"N', 'V', 'Vinalopó Mitjà');
INSERT INTO poblacions VALUES (46261, 'Yátova', 2136, 120.20, 420, '0º48''33"W', '39º23''04"N', 'C', 'Foia de Bunyol');
INSERT INTO poblacions VALUES (46202, 'Pobla de Vallbona, la', 22730, 33.10, 102, '0º33''35"W', '39º35''26"N', 'V', 'Camp de Túria');
INSERT INTO poblacions VALUES (12089, 'Peníscola', 7457, 79.00, 46, '0º24''27"E', '40º21''33"N', 'V', 'Baix Maestrat');
INSERT INTO poblacions VALUES (3104, 'Petrer', 34754, 104.20, 462, '0º46''12"W', '38º29''05"N', 'V', 'Vinalopó Mitjà');
INSERT INTO poblacions VALUES (46193, 'Picanya', 11109, 7.50, 15, '0º26''06"W', '39º26''10"N', 'V', 'Horta Oest');
INSERT INTO poblacions VALUES (46194, 'Picassent', 20393, 85.90, 50, '0º27''36"W', '39º21''40"N', 'V', 'Horta Sud');
INSERT INTO poblacions VALUES (46228, 'Serra', 3233, 57.30, 330, '0º25''47"W', '39º41''08"N', 'V', 'Camp de Túria');
INSERT INTO poblacions VALUES (46205, 'Puçol', 19341, 18.10, 48, '0º18''04"W', '39º37''00"N', 'V', 'Horta Nord');
INSERT INTO poblacions VALUES (46101, 'Quart de les Valls', 1083, 8.40, 29, '0º16''17"W', '39º44''28"N', 'V', 'Camp de Morvedre');
INSERT INTO poblacions VALUES (46102, 'Quart de Poblet', 24944, 19.70, 40, '0º26''34"W', '39º29''00"N', 'V', 'Horta Oest');
INSERT INTO poblacions VALUES (46103, 'Quartell', 1538, 3.20, 40, '0º15''50"W', '39º44''20"N', 'V', 'Camp de Morvedre');
INSERT INTO poblacions VALUES (46104, 'Quatretonda', 2402, 43.20, 190, '0º24''06"W', '38º56''45"N', 'V', 'Vall d''Albaida');
INSERT INTO poblacions VALUES (3109, 'Rafal', 4138, 1.60, 25, '0º50''57"W', '38º06''17"N', 'C', 'Baix Segura');
INSERT INTO poblacions VALUES (46207, 'Rafelbunyol', 8826, 4.20, 32, '0º20''03"W', '39º35''32"N', 'V', 'Horta Nord');
INSERT INTO poblacions VALUES (46213, 'Requena', 20901, 814.20, 692, '1º06''06"W', '39º29''10"N', 'C', 'Plana d''Utiel');
INSERT INTO poblacions VALUES (46214, 'Riba-roja de Túria', 21499, 57.50, 125, '0º34''06"W', '39º32''51"N', 'V', 'Camp de Túria');
INSERT INTO poblacions VALUES (46216, 'Rocafort', 6819, 2.40, 35, '0º24''36"W', '39º31''50"N', 'V', 'Horta Nord');
INSERT INTO poblacions VALUES (12096, 'Rossell', 1041, 74.90, 504, '0º13''26"E', '40º37''07"N', 'V', 'Baix Maestrat');
INSERT INTO poblacions VALUES (46220, 'Sagunt', 65003, 132.40, 49, '0º16''24"W', '39º40''35"N', 'V', 'Camp de Morvedre');
INSERT INTO poblacions VALUES (3116, 'Salinas', 1583, 61.70, 645, '0º54''48"W', '38º31''11"N', 'C', 'Alt Vinalopó');
INSERT INTO poblacions VALUES (46199, 'Pobla de Farnals, la', 7790, 3.60, 4, '0º19''34"W', '39º35''02"N', 'V', 'Horta Nord');
INSERT INTO poblacions VALUES (3119, 'Sant Joan d''Alacant', 22804, 9.60, 40, '0º26''12"W', '38º24''05"N', 'V', 'Alacantí');
INSERT INTO poblacions VALUES (12100, 'Sant Mateu', 2031, 64.60, 325, '0º10''49"E', '40º27''54"N', 'V', 'Baix Maestrat');
INSERT INTO poblacions VALUES (3121, 'Santa Pola', 31529, 58.60, 6, '0º33''21"W', '38º11''35"N', 'V', 'Baix Vinalopó');
INSERT INTO poblacions VALUES (46230, 'Silla', 18644, 25.00, 8, '0º24''41"W', '39º21''40"N', 'V', 'Horta Sud');
INSERT INTO poblacions VALUES (12085, 'Orpesa', 9625, 26.40, 33, '0º08''02"E', '40º05''32"N', 'V', 'Plana Alta, La');
INSERT INTO poblacions VALUES (12082, 'Nules', 13456, 50.50, 13, '0º09''19"W', '39º51''11"N', 'V', 'Plana Baixa, La');
INSERT INTO poblacions VALUES (3095, 'Ondara', 6632, 10.40, 36, '0º01''03"E', '38º49''37"N', 'V', 'Marina Alta, La');
INSERT INTO poblacions VALUES (3097, 'Orba', 2216, 17.70, 154, '0º03''52"W', '38º46''48"N', 'V', 'Marina Alta, La');
INSERT INTO poblacions VALUES (3102, 'Pego', 10144, 52.90, 82, '0º07''06"W', '38º50''31"N', 'V', 'Marina Alta, La');
INSERT INTO poblacions VALUES (3098, 'Orxeta', 875, 24.10, 177, '0º15''43"W', '38º33''47"N', 'V', 'Marina Baixa, La');
INSERT INTO poblacions VALUES (3094, 'Nucia, la', 20029, 21.40, 226, '0º07''23"W', '38º37''02"N', 'V', 'Marina Baixa, La');
INSERT INTO poblacions VALUES (3107, 'Polop', 4313, 22.60, 262, '0º07''38"W', '38º37''20"N', 'V', 'Marina Baixa, La');
INSERT INTO poblacions VALUES (46176, 'Montroi', 2857, 31.40, 145, '0º36''55"W', '39º20''18"N', 'V', 'Ribera Alta, La');
INSERT INTO poblacions VALUES (46203, 'Pobla Llarga, la', 4524, 10.10, 30, '0º28''36"W', '39º05''10"N', 'V', 'Ribera Alta, La');
INSERT INTO poblacions VALUES (46172, 'Montserrat', 7202, 45.60, 168, '0º36''14"W', '39º21''30"N', 'V', 'Ribera Alta, La');
INSERT INTO poblacions VALUES (46197, 'Polinyà de Xúquer', 2546, 12.70, 12, '0º22''06"W', '39º11''53"N', 'V', 'Ribera Baixa, La');
INSERT INTO poblacions VALUES (46215, 'Riola', 1835, 5.60, 6, '0º20''01"W', '39º11''47"N', 'V', 'Ribera Baixa, La');
INSERT INTO poblacions VALUES (46181, 'Oliva', 26782, 59.90, 25, '0º07''16"W', '38º55''10"N', 'V', 'Safor, La');
INSERT INTO poblacions VALUES (46187, 'Palma de Gandia', 1687, 14.00, 45, '0º13''21"W', '38º55''30"N', 'V', 'Safor, La');
INSERT INTO poblacions VALUES (46127, 'Font d''En Carròs, la', 3796, 9.90, 45, '0º10''12"W', '38º55''00"N', 'V', 'Safor, La');
INSERT INTO poblacions VALUES (46195, 'Piles', 2701, 3.90, 5, '0º07''56"W', '38º56''28"N', 'V', 'Safor, La');
INSERT INTO poblacions VALUES (46208, 'Rafelcofer', 1404, 2.00, 20, '0º10''04"W', '38º56''00"N', 'V', 'Safor, La');
INSERT INTO poblacions VALUES (46211, 'Real de Gandia', 2271, 6.10, 21, '0º11''26"W', '38º56''50"N', 'V', 'Safor, La');
INSERT INTO poblacions VALUES (46218, 'Ròtova', 1262, 7.50, 74, '0º15''31"W', '38º56''00"N', 'V', 'Safor, La');
INSERT INTO poblacions VALUES (46191, 'Pedralba', 2932, 58.90, 120, '0º43''34"W', '39º36''20"N', 'V', 'Serrans, Els');
INSERT INTO poblacions VALUES (46247, 'Tuéjar', 1157, 121.90, 650, '1º02''19"W', '39º45''45"N', 'C', 'Serrans, Els');
INSERT INTO poblacions VALUES (46174, 'Montesa', 1278, 48.10, 340, '0º39''11"W', '38º57''00"N', 'V', 'Costera, La');
INSERT INTO poblacions VALUES (46128, 'Font de la Figuera, la', 2172, 84.30, 553, '0º52''46"W', '38º48''20"N', 'V', 'Costera, La');
INSERT INTO poblacions VALUES (46157, 'Llosa de Ranes, la', 3610, 7.10, 106, '0º32''06"W', '39º01''08"N', 'C', 'Costera, La');
INSERT INTO poblacions VALUES (3092, 'Muro', 9114, 30.50, 410, '0º26''10"W', '38º46''47"N', 'V', 'Comtat, El');
INSERT INTO poblacions VALUES (46237, 'Tavernes Blanques', 9288, 0.70, 12, '0º21''56"W', '39º30''30"N', 'V', 'Horta Nord');
INSERT INTO poblacions VALUES (3129, 'Tibi', 1657, 70.40, 533, '0º34''40"W', '38º31''52"N', 'V', 'Alcoià');
INSERT INTO poblacions VALUES (46244, 'Torrent', 80551, 69.20, 66, '0º27''56"W', '39º26''20"N', 'V', 'Horta Oest');
INSERT INTO poblacions VALUES (12121, 'Traiguera', 1531, 59.80, 271, '0º17''26"E', '40º31''32"N', 'V', 'Baix Maestrat');
INSERT INTO poblacions VALUES (46249, 'Utiel', 12082, 236.90, 720, '1º12''24"W', '39º34''02"N', 'C', 'Plana d''Utiel');
INSERT INTO poblacions VALUES (46250, 'València', 786424, 134.60, 13, '0º22''36"W', '39º28''30"N', 'V', 'València');
INSERT INTO poblacions VALUES (46254, 'Venta del Moro', 1400, 272.60, 730, '1º21''26"W', '39º29''00"N', 'C', 'Plana d''Utiel');
INSERT INTO poblacions VALUES (46012, 'Alborache', 1185, 27.30, 320, '0º46''16"W', '39º23''30"N', 'C', 'Foia de Bunyol');
INSERT INTO poblacions VALUES (12017, 'Ayódar', 188, 24.40, 418, '0º22''35"W', '39º59''59"N', 'C', 'Alt Millars');
INSERT INTO poblacions VALUES (46043, 'Aielo de Rugat', 166, 7.80, 300, '0º20''39"W', '38º52''55"N', 'V', 'Vall d''Albaida');
INSERT INTO poblacions VALUES (3004, 'Aigües', 984, 18.50, 341, '0º21''46"W', '38º29''56"N', 'V', 'Alacantí');
INSERT INTO poblacions VALUES (46010, 'Albalat dels Tarongers', 1163, 21.30, 96, '0º20''16"W', '39º42''10"N', 'V', 'Camp de Morvedre');
INSERT INTO poblacions VALUES (46024, 'Alfara de la Baronia', 545, 11.70, 70, '0º21''20"W', '39º45''47"N', 'V', 'Camp de Morvedre');
INSERT INTO poblacions VALUES (46256, 'Vilamarxant', 9204, 71.10, 160, '0º37''14"W', '39º34''08"N', 'V', 'Camp de Túria');
INSERT INTO poblacions VALUES (3105, 'Pinós, el', 7663, 126.90, 450, '1º02''32"W', '38º24''12"N', 'V', 'Vinalopó Mitjà');
INSERT INTO poblacions VALUES (46204, 'Puig de Santa Maria, el', 8883, 26.80, 50, '0º18''14"W', '39º35''28"N', 'V', 'Horta Nord');
INSERT INTO poblacions VALUES (46200, 'Pobla del Duc, la', 2510, 18.90, 243, '0º25''01"W', '38º54''20"N', 'V', 'Vall d''Albaida');
INSERT INTO poblacions VALUES (46229, 'Siete Aguas', 1322, 110.60, 700, '0º54''56"W', '39º28''17"N', 'C', 'Foia de Bunyol');
INSERT INTO poblacions VALUES (3114, 'Romana, la', 2465, 43.30, 480, '0º53''49"W', '38º22''01"N', 'V', 'Vinalopó Mitjà');
INSERT INTO poblacions VALUES (3111, 'Redován', 7623, 9.40, 18, '0º54''20"W', '38º06''50"N', 'C', 'Baix Segura');
INSERT INTO poblacions VALUES (3113, 'Rojales', 18824, 27.60, 8, '0º43''25"W', '38º05''19"N', 'C', 'Baix Segura');
INSERT INTO poblacions VALUES (3123, 'Sax', 9741, 63.50, 471, '0º49''03"W', '38º32''18"N', 'C', 'Alt Vinalopó');
INSERT INTO poblacions VALUES (3118, 'San Fulgencio', 9237, 19.70, 4, '0º43''09"W', '38º06''43"N', 'C', 'Baix Segura');
INSERT INTO poblacions VALUES (3120, 'San Miguel de Salinas', 6911, 1.90, 30, '0º47''23"W', '37º58''38"N', 'C', 'Baix Segura');
INSERT INTO poblacions VALUES (46232, 'Sinarcas', 1150, 102.50, 899, '1º13''50"W', '39º44''02"N', 'C', 'Plana d''Utiel');
INSERT INTO poblacions VALUES (12106, 'Soneja', 1489, 29.10, 263, '0º25''43"W', '39º49''02"N', 'C', 'Alt Palància');
INSERT INTO poblacions VALUES (3133, 'Torrevieja', 91415, 71.40, 7, '0º41''00"W', '37º58''40"N', 'C', 'Baix Segura');
INSERT INTO poblacions VALUES (12104, 'Segorbe', 9233, 106.10, 358, '0º29''20"W', '39º51''07"N', 'C', 'Alt Palància');
INSERT INTO poblacions VALUES (46028, 'Algar', 495, 13.20, 204, '0º21''58"W', '39º46''53"N', 'V', 'Camp de Morvedre');
INSERT INTO poblacions VALUES (12056, 'Chóvar', 339, 18.20, 415, '0º19''17"W', '39º51''04"N', 'C', 'Alt Palància');
INSERT INTO poblacions VALUES (3059, 'Crevillent', 28328, 104.50, 130, '0º48''32"W', '38º14''55"N', 'V', 'Baix Vinalopó');
INSERT INTO poblacions VALUES (3140, 'Villena', 34530, 345.60, 505, '0º51''42"W', '38º37''48"N', 'C', 'Alt Vinalopó');
INSERT INTO poblacions VALUES (12014, 'Ares del Maestrat', 210, 118.70, 1194, '0º07''55"W', '40º27''22"N', 'V', 'Alt Maestrat');
INSERT INTO poblacions VALUES (12037, 'Castell de Cabres', 16, 30.70, 1129, '0º02''33"E', '40º39''38"N', 'V', 'Baix Maestrat');
INSERT INTO poblacions VALUES (12051, 'Culla', 559, 116.30, 1088, '0º10''01"W', '40º20''15"N', 'V', 'Alt Maestrat');
INSERT INTO poblacions VALUES (12129, 'Vilafranca', 2352, 93.80, 1125, '0º15''21"W', '40º25''30"N', 'V', 'Alt Maestrat');
INSERT INTO poblacions VALUES (3005, 'Albatera', 11767, 66.50, 20, '0º52''07"W', '38º10''42"N', 'C', 'Baix Segura');
INSERT INTO poblacions VALUES (46223, 'Sedaví', 10183, 1.80, 9, '0º23''06"W', '39º25''30"N', 'V', 'Horta Sud');
INSERT INTO poblacions VALUES (46158, 'Macastre', 1262, 37.70, 360, '0º47''14"W', '39º22''53"N', 'V', 'Foia de Bunyol');
INSERT INTO poblacions VALUES (12117, 'Torreblanca', 5520, 29.80, 31, '0º11''43"E', '40º13''14"N', 'V', 'Plana Alta, La');
INSERT INTO poblacions VALUES (12124, 'Vall d''Alba', 2873, 53.00, 300, '0º02''06"W', '40º10''35"N', 'V', 'Plana Alta, La');
INSERT INTO poblacions VALUES (12128, 'Vilafamés', 1912, 70.40, 354, '0º03''17"W', '40º06''47"N', 'V', 'Plana Alta, La');
INSERT INTO poblacions VALUES (12006, 'Alcudia de Veo', 218, 30.70, 465, '0º21''18"W', '39º54''57"N', 'V', 'Plana Baixa, La');
INSERT INTO poblacions VALUES (12002, 'Aín', 129, 12.30, 498, '0º20''27"W', '39º54''01"N', 'V', 'Plana Baixa, La');
INSERT INTO poblacions VALUES (12135, 'Vila-real', 50755, 55.10, 42, '0º06''05"W', '39º56''16"N', 'V', 'Plana Baixa, La');
INSERT INTO poblacions VALUES (12126, 'Vall d''Uixó, la', 31828, 67.10, 118, '0º13''42"W', '39º49''27"N', 'V', 'Plana Baixa, La');
INSERT INTO poblacions VALUES (3128, 'Teulada', 11824, 32.20, 185, '0º06''07"E', '38º43''45"N', 'V', 'Marina Alta, La');
INSERT INTO poblacions VALUES (3901, 'Poblets, els', 3350, 3.60, 14, '0º00''46"W', '38º50''53"N', 'V', 'Marina Alta, La');
INSERT INTO poblacions VALUES (3138, 'Verger, el', 4688, 8.20, 25, '0º00''34"E', '38º50''34"N', 'V', 'Marina Alta, La');
INSERT INTO poblacions VALUES (3131, 'Tormos', 317, 5.30, 125, '0º04''21"W', '38º48''06"N', 'V', 'Marina Alta, La');
INSERT INTO poblacions VALUES (3139, 'Vila Joiosa, la', 33951, 59.20, 27, '0º13''58"W', '38º30''19"N', 'V', 'Marina Baixa, La');
INSERT INTO poblacions VALUES (46236, 'Sumacàrcer', 1223, 20.10, 45, '0º37''56"W', '39º05''50"N', 'V', 'Ribera Alta, La');
INSERT INTO poblacions VALUES (46246, 'Tous', 1268, 127.50, 64, '0º35''12"W', '39º08''17"N', 'C', 'Ribera Alta, La');
INSERT INTO poblacions VALUES (46031, 'Alginet', 13060, 24.10, 42, '0º28''06"W', '39º15''45"N', 'V', 'Ribera Alta, La');
INSERT INTO poblacions VALUES (46233, 'Sollana', 4932, 39.20, 4, '0º22''51"W', '39º16''43"N', 'V', 'Ribera Baixa, La');
INSERT INTO poblacions VALUES (46235, 'Sueca', 28311, 92.50, 3, '0º18''41"W', '39º12''00"N', 'V', 'Ribera Baixa, La');
INSERT INTO poblacions VALUES (46105, 'Cullera', 22461, 53.80, 2, '0º15''06"W', '39º09''50"N', 'V', 'Ribera Baixa, La');
INSERT INTO poblacions VALUES (46904, 'Benicull de Xúquer', 996, 3.56, NULL, '0º22''53"W', '39º11''08"N', 'V', 'Ribera Baixa, La');
INSERT INTO poblacions VALUES (46231, 'Simat de la Valldigna', 3513, 38.50, 45, '0º18''46"W', '39º02''40"N', 'V', 'Safor, La');
INSERT INTO poblacions VALUES (46238, 'Tavernes de la Valldigna', 17822, 49.20, 15, '0º15''57"W', '39º04''20"N', 'V', 'Safor, La');
INSERT INTO poblacions VALUES (46023, 'Alfauir', 438, 6.20, 75, '0º15''09"W', '38º55''40"N', 'V', 'Safor, La');
INSERT INTO poblacions VALUES (46255, 'Vilallonga', 4350, 43.30, 92, '0º12''31"W', '38º53''05"N', 'V', 'Safor, La');
INSERT INTO poblacions VALUES (46018, 'Alcublas', 750, 43.50, 774, '0º42''06"W', '39º47''50"N', 'C', 'Serrans, Els');
INSERT INTO poblacions VALUES (46251, 'Vallada', 3135, 61.50, 300, '0º41''31"W', '38º53''45"N', 'V', 'Costera, La');
INSERT INTO poblacions VALUES (3008, 'Alcoletja', 191, 14.60, 739, '0º19''54"W', '38º40''30"N', 'V', 'Comtat, El');
INSERT INTO poblacions VALUES (3007, 'Alcosser de Planes', 238, 4.70, 350, '0º24''09"W', '38º47''40"N', 'V', 'Comtat, El');
INSERT INTO poblacions VALUES (3010, 'Alfafara', 418, 19.80, 582, '0º33''22"W', '38º46''21"N', 'V', 'Comtat, El');
INSERT INTO poblacions VALUES (3065, 'Elx', 228647, 326.10, 86, '0º41''54"W', '38º16''01"N', 'V', 'Baix Vinalopó');
INSERT INTO poblacions VALUES (12139, 'Vistabella del Maestrat', 384, 151.00, 1246, '0º17''33"W', '40º17''37"N', 'V', 'Alcalatén');
INSERT INTO poblacions VALUES (12025, 'Benafigos', 156, 35.60, 945, '0º12''34"W', '40º16''35"N', 'V', 'Alcalatén');
INSERT INTO poblacions VALUES (12049, 'Costur', 562, 21.90, 465, '0º10''27"W', '40º07''14"N', 'V', 'Alcalatén');
INSERT INTO poblacions VALUES (12060, 'Figueroles', 549, 12.10, 360, '0º14''17"W', '40º07''03"N', 'V', 'Alcalatén');
INSERT INTO poblacions VALUES (12055, 'Xodos', 126, 44.30, 1063, '0º17''11"W', '40º14''40"N', 'V', 'Alcalatén');
INSERT INTO poblacions VALUES (12001, 'Atzeneta del Maestrat', 1321, 71.20, 402, '0º10''14"W', '40º12''59"N', 'V', 'Alcalatén');
INSERT INTO poblacions VALUES (12072, 'Llucena', 1417, 137.00, 568, '0º16''50"W', '40º08''18"N', 'V', 'Alcalatén');
INSERT INTO poblacions VALUES (12005, 'Alcora, l''', 10672, 94.90, 279, '0º12''46"W', '40º04''32"N', 'V', 'Alcalatén');
INSERT INTO poblacions VALUES (12115, 'Toro, el', 256, 110.00, 1011, '0º44''57"W', '39º58''58"N', 'C', 'Alt Palància');
INSERT INTO poblacions VALUES (12122, 'Useres, les', 992, 80.70, 401, '0º09''54"W', '40º09''25"N', 'V', 'Alcalatén');
INSERT INTO poblacions VALUES (46902, 'Gátova', 384, 30.40, 560, '0º31''12"W', '39º46''12"N', 'C', 'Camp de Túria');
INSERT INTO poblacions VALUES (12090, 'Pina de Montalgrao', 134, 31.60, 1039, '0º37''43"W', '40º01''43"N', 'C', 'Alt Palància');
INSERT INTO poblacions VALUES (12097, 'Sacañet', 78, 30.50, 1011, '0º42''54"W', '39º51''06"N', 'C', 'Alt Palància');
INSERT INTO poblacions VALUES (46903, 'San Antonio de Benagéber', 7676, 8.14, NULL, '0º30''02"W', '39º33''43"N', 'C', 'Camp de Túria');
INSERT INTO poblacions VALUES (3904, 'San Isidro', 1891, 6.70, 12, '0º50''26"W', '38º10''18"N', 'C', 'Baix Segura');
INSERT INTO poblacions VALUES (12045, 'Cinctorres', 454, 34.90, 907, '0º12''55"W', '40º34''56"N', 'V', 'Ports, Els');
INSERT INTO poblacions VALUES (12068, 'Herbers', 54, 27.10, 672, '0º00''16"W', '40º43''12"N', 'V', 'Ports, Els');
INSERT INTO poblacions VALUES (12087, 'Palanques', 30, 14.30, 670, '0º10''45"W', '40º43''03"N', 'V', 'Ports, Els');
INSERT INTO poblacions VALUES (12141, 'Sorita de Morella', 129, 68.80, 661, '0º09''58"W', '40º43''42"N', 'V', 'Ports, Els');
INSERT INTO poblacions VALUES (12075, 'Mata de Morella, la', 181, 15.20, 826, '0º16''50"W', '40º36''59"N', 'V', 'Ports, Els');
INSERT INTO poblacions VALUES (12112, 'Todolella, la', 140, 34.00, 806, '0º14''51"W', '40º38''50"N', 'V', 'Ports, Els');
INSERT INTO poblacions VALUES (12127, 'Vallibona', 87, 91.40, 666, '0º03''13"E', '40º36''10"N', 'V', 'Ports, Els');
INSERT INTO poblacions VALUES (12137, 'Villores', 42, 5.30, 661, '0º12''03"W', '40º40''33"N', 'V', 'Ports, Els');
INSERT INTO poblacions VALUES (12080, 'Morella', 2638, 413.50, 984, '0º06''02"W', '40º37''09"N', 'V', 'Ports, Els');
INSERT INTO poblacions VALUES (12061, 'Forcall', 500, 39.30, 699, '0º11''54"W', '40º38''46"N', 'V', 'Ports, Els');
INSERT INTO poblacions VALUES (12038, 'Castellfort', 215, 66.70, 1181, '0º11''29"W', '40º30''09"N', 'V', 'Ports, Els');
INSERT INTO poblacions VALUES (12083, 'Olocau del Rei', 118, 44.00, 1042, '0º20''25"W', '40º38''17"N', 'C', 'Ports, Els');
INSERT INTO poblacions VALUES (12091, 'Portell de Morella', 222, 49.40, 1074, '0º15''47"W', '40º31''55"N', 'V', 'Ports, Els');
INSERT INTO poblacions VALUES (12120, 'Torre dels Domenges, la', 213, 3.20, 306, '0º04''12"E', '40º15''49"N', 'V', 'Plana Alta, La');
INSERT INTO poblacions VALUES (12009, 'Almassora', 25566, 32.90, 31, '0º03''45"W', '39º56''25"N', 'V', 'Plana Alta, La');
INSERT INTO poblacions VALUES (12028, 'Benicàssim', 18233, 36.10, 15, '0º03''51"E', '40º03''19"N', 'V', 'Plana Alta, La');
INSERT INTO poblacions VALUES (12031, 'Borriol', 5209, 61.00, 208, '0º04''23"W', '40º02''37"N', 'V', 'Plana Alta, La');
INSERT INTO poblacions VALUES (12040, 'Castelló de la Plana', 173841, 108.80, 30, '0º02''16"W', '39º59''10"N', 'V', 'Plana Alta, La');
INSERT INTO poblacions VALUES (12033, 'Cabanes', 2985, 131.60, 290, '0º02''43"E', '40º09''21"N', 'V', 'Plana Alta, La');
INSERT INTO poblacions VALUES (12050, 'Coves de Vinromà, les', 1910, 136.40, 202, '0º07''21"E', '40º18''35"N', 'V', 'Plana Alta, La');
INSERT INTO poblacions VALUES (12105, 'Serra d''En Galceran, la', 1031, 82.00, 748, '0º01''11"W', '40º16''10"N', 'V', 'Plana Alta, La');
INSERT INTO poblacions VALUES (12902, 'Sant Joan de Moró', 3045, 29.20, 178, '0º08''14"W', '40º03''39"N', 'V', 'Plana Alta, La');
INSERT INTO poblacions VALUES (12007, 'Fondeguilla', 893, 28.30, 211, '0º16''09"W', '39º50''16"N', 'V', 'Plana Baixa, La');
INSERT INTO poblacions VALUES (12084, 'Onda', 25228, 108.40, 192, '0º15''43"W', '39º57''41"N', 'V', 'Plana Baixa, La');
INSERT INTO poblacions VALUES (12095, 'Ribesalbes', 1265, 8.60, 172, '0º16''40"W', '40º01''19"N', 'V', 'Plana Baixa, La');
INSERT INTO poblacions VALUES (12136, 'Vilavella, la', 3273, 6.20, 38, '0º11''06"W', '39º51''32"N', 'V', 'Plana Baixa, La');
INSERT INTO poblacions VALUES (12901, 'Alqueries de la Plana, les', 4423, 12.60, 40, '0º06''49"W', '39º53''47"N', 'V', 'Plana Baixa, La');
INSERT INTO poblacions VALUES (3054, 'Castell de Castells', 442, 45.90, 551, '0º11''40"W', '38º43''29"N', 'V', 'Marina Alta, La');
INSERT INTO poblacions VALUES (3125, 'Senija', 622, 4.80, 234, '0º02''29"E', '38º43''41"N', 'V', 'Marina Alta, La');
INSERT INTO poblacions VALUES (3081, 'Xaló', 2793, 34.60, 189, '0º00''44"W', '38º44''26"N', 'V', 'Marina Alta, La');
INSERT INTO poblacions VALUES (3030, 'Benidoleig', 1189, 7.50, 131, '0º01''57"W', '38º47''30"N', 'V', 'Marina Alta, La');
INSERT INTO poblacions VALUES (3006, 'Alcalalí', 1350, 14.40, 230, '0º02''30"W', '38º44''58"N', 'V', 'Marina Alta, La');
INSERT INTO poblacions VALUES (3110, 'Ràfol d''Almúnia, el', 659, 4.90, 88, '0º03''11"W', '38º49''13"N', 'V', 'Marina Alta, La');
INSERT INTO poblacions VALUES (3135, 'Vall d''Ebo, la', 254, 32.40, 394, '0º09''39"W', '38º48''20"N', 'V', 'Marina Alta, La');
INSERT INTO poblacions VALUES (3026, 'Beniarbeig', 1859, 7.40, 42, '0º00''06"W', '38º49''18"N', 'V', 'Marina Alta, La');
INSERT INTO poblacions VALUES (3041, 'Benissa', 11572, 4.00, 319, '0º31''46"W', '38º49''50"N', 'V', 'Marina Alta, La');
INSERT INTO poblacions VALUES (3117, 'Sanet i els Negrals', 670, 3.90, 83, '0º02''03"W', '38º49''07"N', 'V', 'Marina Alta, La');
INSERT INTO poblacions VALUES (3101, 'Pedreguer', 7438, 29.60, 83, '0º02''03"E', '38º47''36"N', 'V', 'Marina Alta, La');
INSERT INTO poblacions VALUES (3063, 'Dénia', 41672, 66.20, 22, '0º06''21"E', '38º50''27"N', 'V', 'Marina Alta, La');
INSERT INTO poblacions VALUES (3045, 'Bolulla', 421, 13.60, 214, '0º06''44"W', '38º40''35"N', 'V', 'Marina Baixa, La');
INSERT INTO poblacions VALUES (3069, 'Finestrat', 6265, 42.20, 238, '0º12''45"W', '38º34''01"N', 'V', 'Marina Baixa, La');
INSERT INTO poblacions VALUES (3075, 'Castell de Guadalest, el', 226, 16.00, 586, '0º11''52"W', '38º40''37"N', 'V', 'Marina Baixa, La');
INSERT INTO poblacions VALUES (46019, 'Alcúdia, l''', 11615, 23.70, 26, '0º30''26"W', '39º11''45"N', 'V', 'Ribera Alta, La');
INSERT INTO poblacions VALUES (46257, 'Castelló de la Ribera', 7321, 20.30, 30, '0º30''46"W', '39º04''40"N', 'V', 'Ribera Alta, La');
INSERT INTO poblacions VALUES (46130, 'Gavarda', 1125, 7.80, 40, '0º33''36"W', '39º05''30"N', 'V', 'Ribera Alta, La');
INSERT INTO poblacions VALUES (46139, 'Guadassuar', 5928, 35.30, 25, '0º28''41"W', '39º11''00"N', 'V', 'Ribera Alta, La');
INSERT INTO poblacions VALUES (46156, 'Llombai', 2787, 55.60, 100, '0º34''21"W', '39º16''55"N', 'V', 'Ribera Alta, La');
INSERT INTO poblacions VALUES (46160, 'Manuel', 2543, 6.00, 40, '0º29''46"W', '39º03''06"N', 'V', 'Ribera Alta, La');
INSERT INTO poblacions VALUES (46162, 'Massalavés', 1617, 7.50, 28, '0º31''16"W', '39º08''30"N', 'V', 'Ribera Alta, La');
INSERT INTO poblacions VALUES (46036, 'Alpuente', 695, 138.30, 1000, '1º00''50"W', '39º52''40"N', 'C', 'Serrans, Els');
INSERT INTO poblacions VALUES (46258, 'Villar del Arzobispo', 3665, 40.70, 520, '0º49''32"W', '39º43''50"N', 'C', 'Serrans, Els');
INSERT INTO poblacions VALUES (46262, 'Yesa, la', 259, 84.70, 1008, '0º57''44"W', '39º53''28"N', 'C', 'Serrans, Els');
INSERT INTO poblacions VALUES (46201, 'Puebla de San Miguel', 71, 63.60, 1000, '1º08''40"W', '40º02''43"N', 'C', 'Racó, El');
INSERT INTO poblacions VALUES (46248, 'Torís', 6588, 80.50, 270, '0º42''44"W', '39º23''25"N', 'V', 'Ribera Alta, La');
INSERT INTO poblacions VALUES (46209, 'Rafelguaraf', 2426, 16.30, 38, '0º27''26"W', '39º03''05"N', 'V', 'Ribera Alta, La');
INSERT INTO poblacions VALUES (46212, 'Real de Montroi', 2321, 18.30, 135, '0º36''23"W', '39º20''18"N', 'V', 'Ribera Alta, La');
INSERT INTO poblacions VALUES (46227, 'Senyera', 1174, 2.00, 40, '0º30''48"W', '39º03''45"N', 'V', 'Ribera Alta, La');
INSERT INTO poblacions VALUES (46050, 'Benagéber', 212, 69.80, 715, '1º06''00"W', '39º44''12"N', 'C', 'Serrans, Els');
INSERT INTO poblacions VALUES (3038, 'Benimarfull', 431, 5.60, 416, '0º23''29"W', '38º46''32"N', 'V', 'Comtat, El');
INSERT INTO poblacions VALUES (3039, 'Benimassot', 113, 9.50, 729, '0º17''33"W', '38º44''56"N', 'V', 'Comtat, El');
INSERT INTO poblacions VALUES (3022, 'Benasau', 158, 9.00, 701, '0º20''36"W', '38º41''23"N', 'V', 'Comtat, El');
INSERT INTO poblacions VALUES (3068, 'Famorca', 52, 9.60, 680, '0º14''48"W', '38º43''55"N', 'V', 'Comtat, El');
INSERT INTO poblacions VALUES (3017, 'Alqueria d''Asnar, l''', 527, 0.70, 365, '0º25''33"W', '38º46''22"N', 'V', 'Comtat, El');
INSERT INTO poblacions VALUES (3084, 'Orxa, l''', 676, 31.80, 268, '0º18''43"W', '38º50''37"N', 'V', 'Comtat, El');


--
-- TOC entry 1692 (class 2606 OID 193128)
-- Dependencies: 140 140 1789
-- Name: cp_com; Type: CONSTRAINT; Schema: public; Owner: geo; Tablespace: 
--

ALTER TABLE ONLY comarques
    ADD CONSTRAINT cp_com PRIMARY KEY (nom_c);


--
-- TOC entry 1694 (class 2606 OID 193130)
-- Dependencies: 141 141 1789
-- Name: cp_ins; Type: CONSTRAINT; Schema: public; Owner: geo; Tablespace: 
--

ALTER TABLE ONLY instituts
    ADD CONSTRAINT cp_ins PRIMARY KEY (codi);


--
-- TOC entry 1696 (class 2606 OID 193132)
-- Dependencies: 142 142 1789
-- Name: cp_pobl; Type: CONSTRAINT; Schema: public; Owner: geo; Tablespace: 
--

ALTER TABLE ONLY poblacions
    ADD CONSTRAINT cp_pobl PRIMARY KEY (cod_m);


--
-- TOC entry 1697 (class 2606 OID 193138)
-- Dependencies: 141 1695 142 1789
-- Name: ce_ins_pob; Type: FK CONSTRAINT; Schema: public; Owner: geo
--

ALTER TABLE ONLY instituts
    ADD CONSTRAINT ce_ins_pob FOREIGN KEY (cod_m) REFERENCES poblacions(cod_m);


--
-- TOC entry 1698 (class 2606 OID 193133)
-- Dependencies: 142 1691 140 1789
-- Name: ce_pob_com; Type: FK CONSTRAINT; Schema: public; Owner: geo
--

ALTER TABLE ONLY poblacions
    ADD CONSTRAINT ce_pob_com FOREIGN KEY (nom_c) REFERENCES comarques(nom_c) ON UPDATE CASCADE;


--
-- TOC entry 1794 (class 0 OID 0)
-- Dependencies: 3
-- Name: public; Type: ACL; Schema: -; Owner: postgres
--

REVOKE ALL ON SCHEMA public FROM PUBLIC;
REVOKE ALL ON SCHEMA public FROM postgres;
GRANT ALL ON SCHEMA public TO postgres;
GRANT ALL ON SCHEMA public TO PUBLIC;


-- Completed on 2016-05-16 12:04:16 CEST

--
-- PostgreSQL database dump complete
--

